"participant_id","presentation_order","task_id","position_1","position_2","position_3","position_4"
1,1,12,"O09","O11","O03","O05"
1,2,10,"O01","O07","O09","O06"
1,3,6,"O10","O12","O07","O03"
1,4,5,"O11","O03","O01","O08"
1,5,4,"O01","O10","O04","O05"
1,6,7,"O08","O07","O06","O05"
1,7,1,"O02","O12","O01","O05"
1,8,9,"O02","O03","O06","O04"
1,9,2,"O04","O11","O07","O02"
1,10,8,"O08","O04","O09","O12"
1,11,11,"O11","O06","O12","O10"
1,12,3,"O10","O09","O08","O02"
2,1,10,"O06","O01","O09","O07"
2,2,1,"O05","O01","O12","O02"
2,3,8,"O12","O09","O08","O04"
2,4,6,"O12","O07","O10","O03"
2,5,3,"O09","O08","O02","O10"
2,6,11,"O06","O10","O12","O11"
2,7,12,"O05","O09","O03","O11"
2,8,7,"O08","O06","O05","O07"
2,9,2,"O07","O02","O11","O04"
2,10,9,"O02","O06","O04","O03"
2,11,4,"O04","O10","O05","O01"
2,12,5,"O08","O01","O03","O11"
3,1,10,"O09","O01","O06","O07"
3,2,2,"O11","O02","O04","O07"
3,3,5,"O08","O01","O03","O11"
3,4,4,"O05","O04","O01","O10"
3,5,3,"O08","O09","O10","O02"
3,6,11,"O10","O06","O11","O12"
3,7,9,"O04","O02","O06","O03"
3,8,12,"O03","O09","O11","O05"
3,9,7,"O08","O07","O06","O05"
3,10,6,"O10","O12","O07","O03"
3,11,8,"O08","O04","O09","O12"
3,12,1,"O02","O12","O05","O01"
4,1,4,"O05","O01","O04","O10"
4,2,8,"O08","O12","O04","O09"
4,3,12,"O05","O09","O03","O11"
4,4,3,"O10","O09","O08","O02"
4,5,2,"O11","O02","O07","O04"
4,6,7,"O06","O07","O05","O08"
4,7,1,"O12","O02","O01","O05"
4,8,6,"O03","O07","O10","O12"
4,9,9,"O06","O02","O03","O04"
4,10,11,"O10","O11","O12","O06"
4,11,5,"O11","O08","O01","O03"
4,12,10,"O01","O07","O09","O06"
5,1,4,"O01","O05","O04","O10"
5,2,10,"O06","O01","O09","O07"
5,3,12,"O11","O09","O03","O05"
5,4,1,"O05","O12","O01","O02"
5,5,5,"O03","O08","O11","O01"
5,6,6,"O03","O10","O07","O12"
5,7,7,"O08","O07","O06","O05"
5,8,3,"O08","O10","O09","O02"
5,9,8,"O12","O09","O04","O08"
5,10,11,"O12","O10","O11","O06"
5,11,9,"O06","O04","O02","O03"
5,12,2,"O04","O02","O07","O11"
6,1,2,"O02","O11","O07","O04"
6,2,11,"O12","O06","O10","O11"
6,3,9,"O04","O03","O06","O02"
6,4,12,"O05","O09","O03","O11"
6,5,4,"O01","O05","O10","O04"
6,6,3,"O09","O08","O10","O02"
6,7,7,"O07","O06","O05","O08"
6,8,5,"O01","O03","O08","O11"
6,9,1,"O02","O05","O01","O12"
6,10,10,"O01","O06","O09","O07"
6,11,6,"O07","O10","O03","O12"
6,12,8,"O09","O04","O08","O12"
7,1,11,"O06","O12","O11","O10"
7,2,7,"O07","O05","O06","O08"
7,3,3,"O10","O02","O08","O09"
7,4,1,"O12","O05","O01","O02"
7,5,6,"O07","O12","O03","O10"
7,6,5,"O03","O11","O08","O01"
7,7,4,"O10","O05","O01","O04"
7,8,10,"O06","O01","O07","O09"
7,9,12,"O03","O09","O05","O11"
7,10,8,"O12","O04","O09","O08"
7,11,2,"O11","O07","O04","O02"
7,12,9,"O03","O06","O04","O02"
8,1,1,"O12","O02","O01","O05"
8,2,4,"O10","O04","O01","O05"
8,3,8,"O04","O08","O12","O09"
8,4,10,"O01","O07","O09","O06"
8,5,5,"O03","O11","O01","O08"
8,6,9,"O04","O03","O06","O02"
8,7,3,"O09","O10","O08","O02"
8,8,2,"O04","O07","O02","O11"
8,9,6,"O03","O12","O07","O10"
8,10,11,"O10","O06","O12","O11"
8,11,12,"O05","O03","O09","O11"
8,12,7,"O08","O07","O05","O06"
9,1,12,"O11","O03","O05","O09"
9,2,3,"O08","O10","O02","O09"
9,3,1,"O12","O01","O05","O02"
9,4,11,"O10","O06","O12","O11"
9,5,4,"O04","O10","O01","O05"
9,6,8,"O09","O12","O04","O08"
9,7,9,"O06","O02","O04","O03"
9,8,7,"O08","O05","O06","O07"
9,9,6,"O07","O03","O10","O12"
9,10,10,"O09","O07","O01","O06"
9,11,2,"O02","O11","O04","O07"
9,12,5,"O11","O01","O03","O08"
10,1,4,"O10","O04","O01","O05"
10,2,10,"O06","O01","O07","O09"
10,3,7,"O08","O05","O06","O07"
10,4,8,"O08","O12","O09","O04"
10,5,1,"O12","O02","O05","O01"
10,6,9,"O06","O04","O02","O03"
10,7,11,"O06","O12","O10","O11"
10,8,12,"O11","O03","O09","O05"
10,9,3,"O09","O10","O08","O02"
10,10,5,"O01","O03","O08","O11"
10,11,2,"O07","O11","O02","O04"
10,12,6,"O07","O03","O10","O12"
11,1,7,"O06","O07","O05","O08"
11,2,12,"O05","O03","O11","O09"
11,3,11,"O06","O10","O12","O11"
11,4,10,"O09","O06","O01","O07"
11,5,5,"O03","O11","O01","O08"
11,6,1,"O12","O01","O05","O02"
11,7,8,"O04","O08","O09","O12"
11,8,4,"O10","O05","O01","O04"
11,9,2,"O11","O04","O02","O07"
11,10,3,"O02","O09","O08","O10"
11,11,9,"O04","O03","O06","O02"
11,12,6,"O12","O07","O10","O03"
12,1,6,"O10","O12","O03","O07"
12,2,3,"O09","O02","O10","O08"
12,3,11,"O12","O10","O06","O11"
12,4,12,"O05","O03","O09","O11"
12,5,7,"O08","O06","O05","O07"
12,6,10,"O06","O01","O09","O07"
12,7,4,"O04","O10","O01","O05"
12,8,5,"O01","O11","O08","O03"
12,9,9,"O06","O02","O04","O03"
12,10,1,"O12","O02","O05","O01"
12,11,2,"O11","O07","O02","O04"
12,12,8,"O09","O04","O08","O12"
13,1,6,"O03","O10","O07","O12"
13,2,7,"O07","O08","O06","O05"
13,3,2,"O04","O07","O02","O11"
13,4,4,"O10","O04","O05","O01"
13,5,5,"O01","O03","O11","O08"
13,6,8,"O09","O12","O04","O08"
13,7,10,"O06","O01","O07","O09"
13,8,3,"O10","O02","O09","O08"
13,9,12,"O03","O05","O11","O09"
13,10,1,"O01","O02","O05","O12"
13,11,11,"O10","O11","O12","O06"
13,12,9,"O02","O06","O03","O04"
14,1,8,"O08","O12","O09","O04"
14,2,2,"O11","O02","O04","O07"
14,3,3,"O02","O09","O08","O10"
14,4,9,"O03","O06","O04","O02"
14,5,5,"O03","O11","O08","O01"
14,6,4,"O04","O01","O10","O05"
14,7,10,"O09","O01","O06","O07"
14,8,7,"O08","O07","O05","O06"
14,9,11,"O10","O06","O11","O12"
14,10,1,"O02","O05","O12","O01"
14,11,12,"O09","O05","O11","O03"
14,12,6,"O07","O03","O10","O12"
15,1,3,"O02","O08","O09","O10"
15,2,5,"O03","O11","O01","O08"
15,3,10,"O06","O09","O01","O07"
15,4,12,"O11","O03","O09","O05"
15,5,6,"O03","O10","O07","O12"
15,6,11,"O10","O12","O11","O06"
15,7,9,"O04","O03","O06","O02"
15,8,2,"O04","O11","O02","O07"
15,9,7,"O07","O05","O06","O08"
15,10,4,"O04","O05","O01","O10"
15,11,1,"O02","O01","O12","O05"
15,12,8,"O08","O09","O04","O12"
16,1,3,"O02","O08","O10","O09"
16,2,6,"O10","O12","O03","O07"
16,3,2,"O04","O11","O02","O07"
16,4,10,"O07","O09","O06","O01"
16,5,4,"O10","O01","O04","O05"
16,6,9,"O06","O04","O02","O03"
16,7,1,"O05","O02","O01","O12"
16,8,11,"O12","O11","O10","O06"
16,9,7,"O07","O08","O06","O05"
16,10,5,"O08","O03","O01","O11"
16,11,8,"O09","O12","O08","O04"
16,12,12,"O09","O03","O05","O11"
17,1,1,"O01","O05","O02","O12"
17,2,10,"O06","O09","O01","O07"
17,3,8,"O12","O04","O09","O08"
17,4,3,"O10","O09","O02","O08"
17,5,6,"O03","O10","O12","O07"
17,6,11,"O06","O10","O11","O12"
17,7,9,"O04","O02","O06","O03"
17,8,12,"O05","O09","O11","O03"
17,9,2,"O11","O07","O04","O02"
17,10,4,"O05","O01","O04","O10"
17,11,7,"O07","O05","O08","O06"
17,12,5,"O01","O11","O03","O08"
18,1,5,"O11","O08","O03","O01"
18,2,4,"O10","O05","O04","O01"
18,3,1,"O02","O05","O01","O12"
18,4,6,"O07","O12","O10","O03"
18,5,11,"O11","O06","O10","O12"
18,6,3,"O08","O10","O09","O02"
18,7,2,"O11","O04","O02","O07"
18,8,7,"O06","O07","O08","O05"
18,9,12,"O09","O11","O05","O03"
18,10,10,"O09","O01","O07","O06"
18,11,9,"O02","O03","O04","O06"
18,12,8,"O08","O09","O04","O12"
19,1,7,"O05","O07","O06","O08"
19,2,10,"O07","O09","O06","O01"
19,3,8,"O12","O04","O09","O08"
19,4,6,"O12","O10","O07","O03"
19,5,5,"O11","O01","O08","O03"
19,6,4,"O10","O01","O05","O04"
19,7,3,"O10","O09","O08","O02"
19,8,9,"O06","O04","O02","O03"
19,9,12,"O03","O05","O09","O11"
19,10,11,"O06","O12","O10","O11"
19,11,1,"O02","O05","O12","O01"
19,12,2,"O02","O11","O07","O04"
20,1,8,"O04","O09","O12","O08"
20,2,3,"O08","O02","O10","O09"
20,3,2,"O04","O02","O11","O07"
20,4,9,"O02","O03","O04","O06"
20,5,5,"O01","O08","O11","O03"
20,6,6,"O07","O03","O12","O10"
20,7,10,"O06","O09","O01","O07"
20,8,7,"O07","O05","O06","O08"
20,9,11,"O10","O06","O11","O12"
20,10,4,"O01","O05","O10","O04"
20,11,1,"O12","O05","O02","O01"
20,12,12,"O09","O11","O05","O03"
21,1,5,"O11","O08","O03","O01"
21,2,8,"O12","O04","O09","O08"
21,3,2,"O11","O04","O02","O07"
21,4,4,"O05","O04","O01","O10"
21,5,12,"O09","O11","O05","O03"
21,6,1,"O05","O01","O02","O12"
21,7,3,"O02","O10","O09","O08"
21,8,9,"O02","O03","O04","O06"
21,9,7,"O05","O06","O07","O08"
21,10,10,"O07","O09","O01","O06"
21,11,11,"O06","O11","O12","O10"
21,12,6,"O12","O07","O10","O03"
22,1,4,"O01","O10","O05","O04"
22,2,1,"O02","O05","O12","O01"
22,3,3,"O09","O02","O10","O08"
22,4,12,"O03","O09","O11","O05"
22,5,2,"O04","O11","O07","O02"
22,6,11,"O12","O11","O06","O10"
22,7,7,"O05","O07","O08","O06"
22,8,5,"O08","O11","O03","O01"
22,9,10,"O09","O07","O01","O06"
22,10,6,"O07","O12","O10","O03"
22,11,8,"O09","O04","O12","O08"
22,12,9,"O04","O06","O02","O03"
23,1,9,"O02","O03","O04","O06"
23,2,3,"O10","O02","O09","O08"
23,3,7,"O06","O08","O07","O05"
23,4,6,"O12","O03","O07","O10"
23,5,11,"O06","O10","O12","O11"
23,6,5,"O11","O08","O01","O03"
23,7,4,"O10","O01","O05","O04"
23,8,2,"O07","O04","O11","O02"
23,9,1,"O01","O05","O02","O12"
23,10,12,"O05","O11","O03","O09"
23,11,8,"O08","O04","O12","O09"
23,12,10,"O07","O09","O06","O01"
24,1,9,"O06","O02","O04","O03"
24,2,2,"O04","O02","O11","O07"
24,3,12,"O11","O05","O09","O03"
24,4,8,"O12","O04","O09","O08"
24,5,10,"O06","O07","O01","O09"
24,6,3,"O10","O08","O09","O02"
24,7,5,"O08","O01","O11","O03"
24,8,1,"O12","O01","O05","O02"
24,9,7,"O08","O05","O07","O06"
24,10,6,"O07","O12","O10","O03"
24,11,11,"O11","O10","O06","O12"
24,12,4,"O10","O04","O05","O01"
25,1,11,"O11","O10","O12","O06"
25,2,12,"O11","O05","O03","O09"
25,3,1,"O02","O01","O12","O05"
25,4,5,"O03","O08","O01","O11"
25,5,3,"O08","O02","O09","O10"
25,6,2,"O02","O04","O11","O07"
25,7,9,"O03","O06","O02","O04"
25,8,8,"O08","O04","O09","O12"
25,9,7,"O08","O06","O07","O05"
25,10,10,"O06","O09","O01","O07"
25,11,4,"O01","O04","O10","O05"
25,12,6,"O10","O03","O07","O12"
26,1,8,"O09","O12","O04","O08"
26,2,7,"O06","O08","O05","O07"
26,3,1,"O02","O01","O05","O12"
26,4,11,"O06","O12","O11","O10"
26,5,9,"O06","O02","O03","O04"
26,6,2,"O07","O11","O02","O04"
26,7,10,"O07","O09","O06","O01"
26,8,6,"O07","O03","O12","O10"
26,9,3,"O02","O08","O10","O09"
26,10,4,"O04","O01","O10","O05"
26,11,5,"O11","O03","O08","O01"
26,12,12,"O03","O05","O09","O11"
27,1,3,"O02","O09","O08","O10"
27,2,10,"O06","O01","O09","O07"
27,3,4,"O01","O10","O04","O05"
27,4,5,"O08","O03","O01","O11"
27,5,6,"O10","O12","O07","O03"
27,6,2,"O04","O02","O11","O07"
27,7,7,"O08","O07","O05","O06"
27,8,9,"O06","O03","O04","O02"
27,9,12,"O11","O05","O03","O09"
27,10,11,"O10","O06","O12","O11"
27,11,8,"O04","O08","O12","O09"
27,12,1,"O01","O02","O12","O05"
28,1,7,"O06","O07","O05","O08"
28,2,12,"O09","O11","O03","O05"
28,3,11,"O12","O11","O10","O06"
28,4,10,"O09","O07","O01","O06"
28,5,4,"O05","O04","O10","O01"
28,6,5,"O11","O01","O08","O03"
28,7,2,"O02","O11","O07","O04"
28,8,9,"O04","O06","O02","O03"
28,9,8,"O12","O09","O08","O04"
28,10,6,"O07","O03","O12","O10"
28,11,1,"O12","O05","O02","O01"
28,12,3,"O02","O09","O08","O10"
29,1,10,"O07","O06","O09","O01"
29,2,4,"O10","O01","O04","O05"
29,3,5,"O11","O01","O08","O03"
29,4,2,"O02","O07","O11","O04"
29,5,8,"O08","O04","O09","O12"
29,6,11,"O06","O11","O12","O10"
29,7,3,"O02","O09","O10","O08"
29,8,12,"O09","O11","O03","O05"
29,9,9,"O06","O04","O03","O02"
29,10,7,"O05","O06","O07","O08"
29,11,1,"O02","O05","O01","O12"
29,12,6,"O10","O12","O07","O03"
30,1,9,"O06","O03","O04","O02"
30,2,2,"O11","O02","O07","O04"
30,3,12,"O03","O09","O05","O11"
30,4,7,"O05","O06","O07","O08"
30,5,4,"O04","O10","O05","O01"
30,6,1,"O02","O12","O01","O05"
30,7,8,"O09","O04","O08","O12"
30,8,6,"O12","O07","O10","O03"
30,9,11,"O12","O10","O11","O06"
30,10,10,"O09","O01","O06","O07"
30,11,5,"O08","O03","O11","O01"
30,12,3,"O10","O02","O09","O08"
31,1,6,"O12","O03","O07","O10"
31,2,8,"O12","O09","O04","O08"
31,3,3,"O09","O02","O08","O10"
31,4,2,"O02","O07","O04","O11"
31,5,9,"O06","O04","O02","O03"
31,6,5,"O08","O03","O11","O01"
31,7,7,"O06","O08","O05","O07"
31,8,11,"O12","O11","O06","O10"
31,9,10,"O01","O09","O07","O06"
31,10,4,"O04","O05","O10","O01"
31,11,12,"O09","O05","O11","O03"
31,12,1,"O02","O12","O05","O01"
32,1,11,"O10","O11","O06","O12"
32,2,1,"O05","O12","O02","O01"
32,3,2,"O11","O07","O04","O02"
32,4,10,"O01","O06","O07","O09"
32,5,8,"O12","O08","O04","O09"
32,6,4,"O05","O01","O10","O04"
32,7,7,"O05","O06","O07","O08"
32,8,9,"O04","O03","O06","O02"
32,9,5,"O01","O08","O11","O03"
32,10,3,"O10","O02","O08","O09"
32,11,6,"O10","O07","O03","O12"
32,12,12,"O05","O09","O11","O03"
33,1,7,"O07","O05","O08","O06"
33,2,6,"O12","O07","O10","O03"
33,3,11,"O10","O06","O12","O11"
33,4,12,"O05","O09","O03","O11"
33,5,2,"O04","O11","O02","O07"
33,6,4,"O05","O10","O04","O01"
33,7,8,"O12","O08","O04","O09"
33,8,3,"O08","O09","O10","O02"
33,9,9,"O03","O06","O04","O02"
33,10,10,"O01","O07","O06","O09"
33,11,5,"O03","O08","O11","O01"
33,12,1,"O02","O05","O12","O01"
34,1,1,"O05","O02","O01","O12"
34,2,10,"O07","O09","O06","O01"
34,3,4,"O01","O04","O05","O10"
34,4,8,"O08","O12","O09","O04"
34,5,7,"O05","O08","O07","O06"
34,6,2,"O02","O11","O04","O07"
34,7,12,"O11","O05","O03","O09"
34,8,5,"O11","O01","O03","O08"
34,9,9,"O06","O02","O04","O03"
34,10,11,"O10","O11","O12","O06"
34,11,6,"O12","O03","O07","O10"
34,12,3,"O08","O09","O02","O10"
35,1,8,"O08","O04","O12","O09"
35,2,7,"O06","O08","O05","O07"
35,3,9,"O06","O03","O02","O04"
35,4,6,"O07","O12","O03","O10"
35,5,11,"O12","O06","O11","O10"
35,6,3,"O08","O02","O10","O09"
35,7,5,"O03","O08","O01","O11"
35,8,10,"O01","O06","O09","O07"
35,9,2,"O11","O07","O02","O04"
35,10,1,"O12","O01","O02","O05"
35,11,12,"O11","O03","O09","O05"
35,12,4,"O01","O05","O04","O10"
36,1,1,"O01","O02","O05","O12"
36,2,6,"O10","O12","O07","O03"
36,3,2,"O07","O11","O04","O02"
36,4,9,"O04","O06","O03","O02"
36,5,4,"O05","O10","O01","O04"
36,6,12,"O03","O11","O05","O09"
36,7,8,"O09","O12","O04","O08"
36,8,11,"O06","O11","O12","O10"
36,9,5,"O01","O03","O08","O11"
36,10,3,"O02","O09","O10","O08"
36,11,7,"O06","O05","O08","O07"
36,12,10,"O01","O06","O07","O09"
37,1,1,"O12","O01","O02","O05"
37,2,6,"O10","O12","O03","O07"
37,3,3,"O02","O08","O10","O09"
37,4,4,"O05","O04","O01","O10"
37,5,11,"O06","O10","O11","O12"
37,6,2,"O04","O07","O11","O02"
37,7,5,"O03","O08","O11","O01"
37,8,8,"O04","O12","O08","O09"
37,9,10,"O01","O07","O09","O06"
37,10,12,"O05","O11","O03","O09"
37,11,7,"O08","O05","O07","O06"
37,12,9,"O03","O06","O04","O02"
38,1,11,"O11","O10","O06","O12"
38,2,12,"O05","O09","O03","O11"
38,3,3,"O09","O08","O10","O02"
38,4,4,"O10","O05","O01","O04"
38,5,6,"O07","O10","O12","O03"
38,6,8,"O04","O09","O08","O12"
38,7,10,"O01","O09","O07","O06"
38,8,1,"O05","O01","O02","O12"
38,9,2,"O07","O11","O02","O04"
38,10,7,"O05","O08","O07","O06"
38,11,9,"O02","O03","O04","O06"
38,12,5,"O01","O03","O08","O11"
39,1,10,"O07","O01","O06","O09"
39,2,6,"O10","O03","O07","O12"
39,3,11,"O06","O11","O12","O10"
39,4,7,"O06","O05","O07","O08"
39,5,4,"O04","O10","O05","O01"
39,6,2,"O07","O02","O04","O11"
39,7,12,"O11","O05","O03","O09"
39,8,3,"O10","O09","O02","O08"
39,9,1,"O05","O02","O12","O01"
39,10,8,"O09","O04","O12","O08"
39,11,5,"O08","O11","O03","O01"
39,12,9,"O06","O03","O04","O02"
40,1,8,"O04","O12","O09","O08"
40,2,9,"O06","O04","O02","O03"
40,3,3,"O02","O09","O08","O10"
40,4,11,"O11","O06","O12","O10"
40,5,6,"O07","O10","O03","O12"
40,6,12,"O05","O11","O09","O03"
40,7,5,"O08","O03","O11","O01"
40,8,2,"O04","O02","O07","O11"
40,9,4,"O05","O10","O01","O04"
40,10,1,"O01","O02","O05","O12"
40,11,7,"O08","O05","O06","O07"
40,12,10,"O09","O06","O07","O01"
41,1,12,"O11","O05","O03","O09"
41,2,1,"O05","O01","O02","O12"
41,3,7,"O07","O08","O05","O06"
41,4,8,"O04","O08","O09","O12"
41,5,6,"O03","O12","O07","O10"
41,6,11,"O12","O11","O10","O06"
41,7,10,"O01","O09","O06","O07"
41,8,3,"O02","O08","O10","O09"
41,9,5,"O03","O01","O11","O08"
41,10,4,"O01","O10","O05","O04"
41,11,9,"O03","O02","O06","O04"
41,12,2,"O04","O11","O07","O02"
42,1,11,"O06","O12","O10","O11"
42,2,9,"O04","O06","O03","O02"
42,3,5,"O03","O11","O08","O01"
42,4,4,"O05","O10","O04","O01"
42,5,7,"O07","O06","O05","O08"
42,6,2,"O07","O11","O04","O02"
42,7,6,"O12","O10","O07","O03"
42,8,8,"O04","O12","O08","O09"
42,9,3,"O10","O09","O08","O02"
42,10,1,"O02","O05","O01","O12"
42,11,10,"O07","O06","O09","O01"
42,12,12,"O05","O03","O11","O09"
43,1,10,"O09","O01","O07","O06"
43,2,5,"O03","O01","O11","O08"
43,3,12,"O09","O05","O03","O11"
43,4,1,"O05","O01","O12","O02"
43,5,4,"O04","O01","O05","O10"
43,6,7,"O07","O05","O08","O06"
43,7,2,"O11","O04","O02","O07"
43,8,9,"O06","O02","O04","O03"
43,9,3,"O09","O08","O10","O02"
43,10,8,"O08","O12","O09","O04"
43,11,11,"O11","O12","O10","O06"
43,12,6,"O12","O10","O03","O07"
44,1,9,"O02","O04","O03","O06"
44,2,1,"O12","O05","O01","O02"
44,3,2,"O07","O04","O02","O11"
44,4,12,"O03","O09","O11","O05"
44,5,7,"O06","O05","O08","O07"
44,6,8,"O09","O04","O08","O12"
44,7,10,"O07","O09","O06","O01"
44,8,11,"O12","O11","O06","O10"
44,9,4,"O01","O10","O05","O04"
44,10,5,"O08","O11","O03","O01"
44,11,3,"O09","O08","O10","O02"
44,12,6,"O07","O10","O12","O03"
45,1,6,"O10","O07","O12","O03"
45,2,5,"O11","O03","O08","O01"
45,3,10,"O09","O06","O01","O07"
45,4,11,"O06","O10","O12","O11"
45,5,7,"O06","O07","O05","O08"
45,6,1,"O02","O12","O05","O01"
45,7,3,"O09","O08","O10","O02"
45,8,4,"O05","O01","O04","O10"
45,9,12,"O05","O11","O09","O03"
45,10,2,"O04","O11","O02","O07"
45,11,9,"O02","O06","O03","O04"
45,12,8,"O04","O12","O09","O08"
46,1,11,"O06","O12","O11","O10"
46,2,2,"O02","O07","O04","O11"
46,3,8,"O12","O08","O04","O09"
46,4,3,"O09","O10","O08","O02"
46,5,12,"O05","O03","O09","O11"
46,6,4,"O05","O10","O04","O01"
46,7,1,"O02","O01","O05","O12"
46,8,5,"O11","O08","O03","O01"
46,9,6,"O03","O07","O10","O12"
46,10,7,"O05","O08","O07","O06"
46,11,9,"O03","O02","O04","O06"
46,12,10,"O07","O06","O09","O01"
47,1,1,"O05","O01","O12","O02"
47,2,10,"O01","O07","O09","O06"
47,3,8,"O08","O12","O04","O09"
47,4,11,"O06","O11","O12","O10"
47,5,2,"O04","O07","O02","O11"
47,6,3,"O10","O08","O09","O02"
47,7,5,"O11","O01","O03","O08"
47,8,6,"O12","O07","O03","O10"
47,9,9,"O02","O03","O06","O04"
47,10,7,"O08","O06","O07","O05"
47,11,12,"O03","O09","O05","O11"
47,12,4,"O04","O01","O05","O10"
48,1,8,"O12","O04","O08","O09"
48,2,7,"O06","O07","O05","O08"
48,3,11,"O06","O11","O12","O10"
48,4,4,"O10","O04","O01","O05"
48,5,6,"O07","O10","O12","O03"
48,6,2,"O11","O02","O07","O04"
48,7,3,"O02","O09","O08","O10"
48,8,9,"O06","O03","O02","O04"
48,9,12,"O09","O05","O11","O03"
48,10,1,"O05","O12","O01","O02"
48,11,10,"O01","O09","O07","O06"
48,12,5,"O03","O01","O11","O08"
49,1,2,"O07","O11","O02","O04"
49,2,3,"O10","O08","O02","O09"
49,3,11,"O12","O06","O11","O10"
49,4,4,"O04","O05","O01","O10"
49,5,6,"O07","O03","O10","O12"
49,6,8,"O09","O08","O04","O12"
49,7,7,"O07","O08","O05","O06"
49,8,10,"O01","O07","O06","O09"
49,9,9,"O03","O06","O04","O02"
49,10,12,"O09","O05","O03","O11"
49,11,1,"O02","O01","O05","O12"
49,12,5,"O08","O03","O11","O01"
50,1,6,"O03","O12","O07","O10"
50,2,10,"O07","O09","O06","O01"
50,3,5,"O03","O11","O08","O01"
50,4,7,"O08","O07","O06","O05"
50,5,3,"O02","O08","O09","O10"
50,6,8,"O09","O08","O12","O04"
50,7,4,"O01","O04","O10","O05"
50,8,11,"O06","O11","O10","O12"
50,9,12,"O03","O05","O11","O09"
50,10,1,"O01","O02","O05","O12"
50,11,2,"O07","O11","O02","O04"
50,12,9,"O03","O06","O02","O04"
51,1,4,"O04","O10","O05","O01"
51,2,3,"O08","O10","O02","O09"
51,3,11,"O12","O10","O06","O11"
51,4,5,"O03","O08","O11","O01"
51,5,10,"O01","O09","O07","O06"
51,6,9,"O04","O06","O03","O02"
51,7,7,"O05","O08","O07","O06"
51,8,1,"O05","O02","O01","O12"
51,9,8,"O08","O04","O09","O12"
51,10,6,"O10","O07","O03","O12"
51,11,2,"O11","O07","O02","O04"
51,12,12,"O05","O09","O11","O03"
52,1,8,"O12","O04","O08","O09"
52,2,3,"O09","O08","O02","O10"
52,3,11,"O11","O10","O06","O12"
52,4,4,"O01","O10","O05","O04"
52,5,7,"O06","O08","O05","O07"
52,6,10,"O07","O01","O06","O09"
52,7,5,"O03","O08","O01","O11"
52,8,6,"O03","O10","O12","O07"
52,9,12,"O05","O11","O09","O03"
52,10,2,"O04","O02","O07","O11"
52,11,9,"O06","O04","O03","O02"
52,12,1,"O12","O02","O01","O05"
53,1,6,"O03","O10","O12","O07"
53,2,1,"O01","O05","O02","O12"
53,3,9,"O02","O06","O04","O03"
53,4,7,"O06","O07","O05","O08"
53,5,11,"O11","O10","O12","O06"
53,6,10,"O06","O07","O01","O09"
53,7,4,"O01","O05","O10","O04"
53,8,5,"O11","O01","O08","O03"
53,9,2,"O11","O07","O02","O04"
53,10,3,"O02","O10","O08","O09"
53,11,12,"O03","O05","O11","O09"
53,12,8,"O09","O12","O04","O08"
54,1,10,"O01","O07","O09","O06"
54,2,2,"O11","O04","O07","O02"
54,3,7,"O06","O08","O05","O07"
54,4,8,"O08","O12","O09","O04"
54,5,5,"O11","O03","O08","O01"
54,6,4,"O01","O05","O04","O10"
54,7,12,"O03","O05","O09","O11"
54,8,3,"O08","O09","O02","O10"
54,9,9,"O04","O02","O06","O03"
54,10,11,"O06","O11","O10","O12"
54,11,1,"O05","O12","O02","O01"
54,12,6,"O12","O03","O10","O07"
55,1,9,"O06","O02","O04","O03"
55,2,3,"O08","O10","O09","O02"
55,3,7,"O07","O06","O08","O05"
55,4,4,"O01","O04","O05","O10"
55,5,1,"O02","O01","O12","O05"
55,6,2,"O02","O11","O04","O07"
55,7,12,"O05","O09","O03","O11"
55,8,8,"O08","O04","O09","O12"
55,9,11,"O06","O11","O12","O10"
55,10,5,"O11","O03","O08","O01"
55,11,10,"O01","O06","O07","O09"
55,12,6,"O07","O03","O10","O12"
56,1,1,"O01","O12","O02","O05"
56,2,2,"O04","O07","O11","O02"
56,3,10,"O01","O07","O09","O06"
56,4,11,"O12","O11","O10","O06"
56,5,7,"O08","O07","O05","O06"
56,6,5,"O11","O08","O03","O01"
56,7,8,"O08","O04","O09","O12"
56,8,12,"O03","O05","O09","O11"
56,9,9,"O03","O02","O06","O04"
56,10,4,"O05","O01","O10","O04"
56,11,3,"O08","O09","O02","O10"
56,12,6,"O12","O07","O10","O03"
57,1,2,"O04","O07","O02","O11"
57,2,12,"O11","O09","O03","O05"
57,3,1,"O02","O12","O01","O05"
57,4,4,"O05","O01","O10","O04"
57,5,3,"O08","O10","O09","O02"
57,6,7,"O06","O05","O08","O07"
57,7,9,"O04","O03","O02","O06"
57,8,5,"O03","O11","O08","O01"
57,9,6,"O10","O03","O07","O12"
57,10,8,"O12","O08","O09","O04"
57,11,10,"O09","O07","O01","O06"
57,12,11,"O12","O10","O11","O06"
58,1,5,"O01","O08","O11","O03"
58,2,3,"O08","O10","O02","O09"
58,3,12,"O05","O03","O11","O09"
58,4,9,"O03","O04","O02","O06"
58,5,8,"O09","O12","O08","O04"
58,6,7,"O08","O05","O07","O06"
58,7,2,"O07","O02","O11","O04"
58,8,4,"O01","O04","O10","O05"
58,9,11,"O12","O10","O11","O06"
58,10,10,"O01","O06","O09","O07"
58,11,6,"O10","O12","O07","O03"
58,12,1,"O05","O02","O01","O12"
59,1,9,"O06","O04","O02","O03"
59,2,4,"O10","O01","O05","O04"
59,3,5,"O11","O01","O03","O08"
59,4,10,"O06","O09","O01","O07"
59,5,2,"O02","O04","O11","O07"
59,6,11,"O12","O06","O11","O10"
59,7,6,"O10","O03","O07","O12"
59,8,3,"O10","O08","O09","O02"
59,9,12,"O03","O11","O05","O09"
59,10,8,"O04","O08","O12","O09"
59,11,7,"O08","O06","O07","O05"
59,12,1,"O02","O12","O01","O05"
60,1,3,"O10","O09","O02","O08"
60,2,7,"O08","O05","O07","O06"
60,3,9,"O03","O06","O04","O02"
60,4,11,"O11","O10","O06","O12"
60,5,12,"O11","O09","O03","O05"
60,6,8,"O12","O04","O09","O08"
60,7,2,"O04","O11","O02","O07"
60,8,10,"O01","O06","O09","O07"
60,9,4,"O05","O04","O10","O01"
60,10,1,"O05","O01","O02","O12"
60,11,6,"O07","O12","O03","O10"
60,12,5,"O03","O11","O08","O01"
61,1,9,"O02","O06","O04","O03"
61,2,12,"O03","O11","O09","O05"
61,3,11,"O11","O10","O12","O06"
61,4,8,"O12","O04","O09","O08"
61,5,7,"O06","O05","O07","O08"
61,6,3,"O10","O09","O02","O08"
61,7,10,"O07","O06","O01","O09"
61,8,5,"O08","O03","O01","O11"
61,9,6,"O07","O10","O03","O12"
61,10,4,"O05","O10","O01","O04"
61,11,2,"O02","O07","O11","O04"
61,12,1,"O05","O12","O01","O02"
62,1,12,"O05","O09","O03","O11"
62,2,11,"O12","O11","O06","O10"
62,3,4,"O05","O01","O04","O10"
62,4,1,"O01","O05","O02","O12"
62,5,9,"O04","O02","O03","O06"
62,6,5,"O08","O01","O11","O03"
62,7,10,"O06","O07","O09","O01"
62,8,7,"O08","O05","O06","O07"
62,9,6,"O10","O07","O03","O12"
62,10,2,"O02","O11","O04","O07"
62,11,8,"O12","O04","O09","O08"
62,12,3,"O10","O09","O02","O08"
63,1,3,"O08","O10","O02","O09"
63,2,8,"O12","O08","O04","O09"
63,3,7,"O05","O08","O06","O07"
63,4,1,"O02","O05","O12","O01"
63,5,2,"O11","O07","O04","O02"
63,6,9,"O03","O04","O06","O02"
63,7,5,"O03","O01","O08","O11"
63,8,11,"O06","O10","O11","O12"
63,9,6,"O10","O12","O03","O07"
63,10,12,"O11","O05","O09","O03"
63,11,4,"O10","O01","O05","O04"
63,12,10,"O09","O06","O07","O01"
64,1,2,"O11","O02","O07","O04"
64,2,6,"O07","O03","O12","O10"
64,3,3,"O10","O02","O09","O08"
64,4,5,"O03","O11","O01","O08"
64,5,8,"O04","O08","O09","O12"
64,6,1,"O12","O02","O01","O05"
64,7,11,"O06","O10","O12","O11"
64,8,4,"O01","O04","O10","O05"
64,9,12,"O05","O11","O09","O03"
64,10,10,"O09","O01","O07","O06"
64,11,7,"O07","O06","O05","O08"
64,12,9,"O06","O02","O04","O03"
65,1,3,"O10","O09","O02","O08"
65,2,4,"O01","O04","O05","O10"
65,3,2,"O02","O11","O04","O07"
65,4,9,"O02","O04","O03","O06"
65,5,1,"O12","O05","O02","O01"
65,6,10,"O07","O09","O01","O06"
65,7,5,"O01","O03","O08","O11"
65,8,7,"O05","O08","O06","O07"
65,9,8,"O09","O12","O04","O08"
65,10,6,"O03","O10","O12","O07"
65,11,12,"O11","O03","O09","O05"
65,12,11,"O06","O11","O12","O10"
66,1,12,"O05","O11","O09","O03"
66,2,3,"O10","O08","O09","O02"
66,3,10,"O09","O07","O01","O06"
66,4,7,"O08","O06","O07","O05"
66,5,2,"O04","O02","O07","O11"
66,6,9,"O04","O03","O06","O02"
66,7,1,"O12","O01","O02","O05"
66,8,6,"O07","O03","O10","O12"
66,9,8,"O12","O04","O08","O09"
66,10,4,"O05","O01","O10","O04"
66,11,5,"O01","O08","O03","O11"
66,12,11,"O11","O12","O06","O10"
67,1,3,"O02","O09","O10","O08"
67,2,6,"O03","O10","O07","O12"
67,3,1,"O05","O02","O12","O01"
67,4,11,"O10","O11","O12","O06"
67,5,10,"O06","O07","O09","O01"
67,6,5,"O08","O01","O03","O11"
67,7,12,"O09","O11","O03","O05"
67,8,2,"O04","O07","O02","O11"
67,9,8,"O04","O09","O12","O08"
67,10,4,"O10","O01","O05","O04"
67,11,7,"O06","O05","O08","O07"
67,12,9,"O06","O02","O04","O03"
68,1,7,"O08","O07","O06","O05"
68,2,5,"O11","O01","O03","O08"
68,3,1,"O01","O02","O12","O05"
68,4,10,"O01","O07","O06","O09"
68,5,4,"O10","O04","O01","O05"
68,6,8,"O09","O12","O04","O08"
68,7,3,"O08","O10","O02","O09"
68,8,12,"O11","O03","O05","O09"
68,9,9,"O03","O04","O06","O02"
68,10,2,"O11","O04","O07","O02"
68,11,11,"O12","O06","O11","O10"
68,12,6,"O07","O12","O10","O03"
69,1,6,"O10","O12","O03","O07"
69,2,4,"O10","O04","O05","O01"
69,3,8,"O09","O08","O12","O04"
69,4,1,"O05","O02","O12","O01"
69,5,9,"O06","O02","O03","O04"
69,6,3,"O10","O09","O02","O08"
69,7,5,"O08","O11","O03","O01"
69,8,7,"O08","O07","O05","O06"
69,9,11,"O12","O06","O10","O11"
69,10,2,"O11","O07","O04","O02"
69,11,10,"O09","O01","O06","O07"
69,12,12,"O09","O11","O05","O03"
70,1,12,"O09","O03","O05","O11"
70,2,1,"O05","O12","O01","O02"
70,3,2,"O04","O02","O11","O07"
70,4,7,"O05","O08","O06","O07"
70,5,11,"O12","O06","O11","O10"
70,6,10,"O01","O06","O07","O09"
70,7,9,"O06","O02","O03","O04"
70,8,6,"O03","O07","O10","O12"
70,9,5,"O01","O03","O11","O08"
70,10,3,"O08","O02","O10","O09"
70,11,8,"O12","O08","O09","O04"
70,12,4,"O04","O05","O01","O10"
71,1,10,"O01","O09","O06","O07"
71,2,12,"O03","O09","O05","O11"
71,3,6,"O10","O12","O07","O03"
71,4,5,"O01","O03","O08","O11"
71,5,1,"O05","O01","O02","O12"
71,6,4,"O05","O01","O04","O10"
71,7,9,"O06","O04","O03","O02"
71,8,8,"O08","O12","O09","O04"
71,9,11,"O11","O10","O06","O12"
71,10,3,"O08","O10","O02","O09"
71,11,7,"O06","O08","O05","O07"
71,12,2,"O07","O04","O11","O02"
72,1,2,"O02","O11","O07","O04"
72,2,9,"O04","O06","O03","O02"
72,3,8,"O12","O08","O09","O04"
72,4,12,"O09","O11","O03","O05"
72,5,11,"O11","O12","O06","O10"
72,6,4,"O10","O04","O05","O01"
72,7,1,"O02","O05","O12","O01"
72,8,7,"O07","O05","O08","O06"
72,9,5,"O01","O03","O11","O08"
72,10,6,"O07","O03","O10","O12"
72,11,10,"O01","O06","O09","O07"
72,12,3,"O02","O08","O10","O09"
73,1,11,"O06","O12","O10","O11"
73,2,12,"O05","O09","O11","O03"
73,3,9,"O04","O02","O06","O03"
73,4,3,"O02","O08","O09","O10"
73,5,4,"O10","O05","O04","O01"
73,6,8,"O04","O08","O09","O12"
73,7,10,"O06","O09","O07","O01"
73,8,7,"O05","O06","O08","O07"
73,9,5,"O11","O08","O03","O01"
73,10,6,"O12","O07","O10","O03"
73,11,1,"O02","O01","O12","O05"
73,12,2,"O02","O04","O07","O11"
74,1,9,"O03","O04","O02","O06"
74,2,11,"O12","O11","O10","O06"
74,3,6,"O12","O07","O03","O10"
74,4,4,"O05","O04","O10","O01"
74,5,12,"O11","O05","O09","O03"
74,6,8,"O12","O08","O09","O04"
74,7,7,"O08","O06","O07","O05"
74,8,1,"O12","O01","O05","O02"
74,9,3,"O02","O08","O10","O09"
74,10,2,"O07","O02","O04","O11"
74,11,5,"O08","O11","O03","O01"
74,12,10,"O09","O07","O01","O06"
75,1,9,"O04","O02","O03","O06"
75,2,5,"O03","O01","O08","O11"
75,3,4,"O01","O10","O04","O05"
75,4,6,"O12","O07","O10","O03"
75,5,8,"O08","O12","O09","O04"
75,6,2,"O07","O11","O04","O02"
75,7,11,"O06","O12","O10","O11"
75,8,1,"O05","O12","O02","O01"
75,9,10,"O06","O07","O01","O09"
75,10,3,"O09","O10","O08","O02"
75,11,12,"O09","O03","O11","O05"
75,12,7,"O06","O05","O07","O08"
76,1,9,"O06","O03","O02","O04"
76,2,11,"O12","O10","O11","O06"
76,3,6,"O07","O03","O10","O12"
76,4,12,"O09","O11","O05","O03"
76,5,4,"O04","O10","O05","O01"
76,6,5,"O08","O03","O01","O11"
76,7,8,"O09","O08","O12","O04"
76,8,3,"O10","O09","O02","O08"
76,9,2,"O04","O11","O07","O02"
76,10,7,"O05","O06","O07","O08"
76,11,1,"O05","O12","O02","O01"
76,12,10,"O06","O09","O01","O07"
77,1,5,"O03","O01","O11","O08"
77,2,2,"O04","O11","O07","O02"
77,3,11,"O06","O11","O10","O12"
77,4,3,"O02","O09","O08","O10"
77,5,8,"O08","O09","O12","O04"
77,6,6,"O03","O07","O12","O10"
77,7,4,"O04","O05","O01","O10"
77,8,1,"O12","O01","O05","O02"
77,9,9,"O03","O02","O06","O04"
77,10,10,"O01","O06","O09","O07"
77,11,7,"O05","O08","O06","O07"
77,12,12,"O05","O11","O09","O03"
78,1,9,"O06","O02","O03","O04"
78,2,3,"O02","O08","O10","O09"
78,3,5,"O08","O03","O11","O01"
78,4,2,"O07","O04","O02","O11"
78,5,8,"O08","O12","O04","O09"
78,6,7,"O07","O08","O05","O06"
78,7,12,"O03","O05","O09","O11"
78,8,1,"O12","O01","O02","O05"
78,9,6,"O10","O07","O12","O03"
78,10,10,"O06","O01","O07","O09"
78,11,4,"O04","O10","O01","O05"
78,12,11,"O11","O12","O10","O06"
79,1,10,"O09","O07","O06","O01"
79,2,2,"O04","O11","O02","O07"
79,3,8,"O08","O04","O12","O09"
79,4,11,"O06","O11","O10","O12"
79,5,6,"O12","O07","O10","O03"
79,6,9,"O02","O06","O03","O04"
79,7,1,"O12","O02","O05","O01"
79,8,12,"O05","O09","O03","O11"
79,9,3,"O09","O10","O08","O02"
79,10,4,"O05","O10","O01","O04"
79,11,7,"O06","O07","O05","O08"
79,12,5,"O08","O03","O01","O11"
80,1,9,"O02","O06","O03","O04"
80,2,1,"O05","O01","O12","O02"
80,3,6,"O10","O03","O12","O07"
80,4,11,"O12","O11","O10","O06"
80,5,12,"O03","O09","O11","O05"
80,6,7,"O06","O05","O07","O08"
80,7,5,"O11","O03","O01","O08"
80,8,3,"O08","O02","O10","O09"
80,9,10,"O09","O01","O07","O06"
80,10,8,"O04","O09","O08","O12"
80,11,4,"O01","O10","O04","O05"
80,12,2,"O04","O02","O11","O07"
81,1,2,"O04","O07","O02","O11"
81,2,1,"O02","O01","O12","O05"
81,3,11,"O06","O10","O12","O11"
81,4,8,"O09","O08","O12","O04"
81,5,12,"O03","O11","O05","O09"
81,6,6,"O12","O10","O03","O07"
81,7,10,"O07","O01","O09","O06"
81,8,4,"O10","O05","O04","O01"
81,9,9,"O06","O03","O02","O04"
81,10,5,"O01","O11","O08","O03"
81,11,7,"O07","O08","O05","O06"
81,12,3,"O02","O08","O09","O10"
82,1,3,"O02","O10","O08","O09"
82,2,4,"O04","O05","O10","O01"
82,3,6,"O10","O07","O12","O03"
82,4,2,"O02","O11","O07","O04"
82,5,8,"O09","O08","O04","O12"
82,6,5,"O03","O11","O01","O08"
82,7,10,"O09","O07","O01","O06"
82,8,7,"O07","O05","O08","O06"
82,9,12,"O09","O05","O03","O11"
82,10,11,"O12","O10","O06","O11"
82,11,9,"O02","O03","O06","O04"
82,12,1,"O12","O05","O02","O01"
83,1,6,"O12","O03","O07","O10"
83,2,10,"O09","O01","O07","O06"
83,3,11,"O11","O12","O10","O06"
83,4,1,"O01","O05","O02","O12"
83,5,3,"O10","O08","O09","O02"
83,6,12,"O09","O03","O11","O05"
83,7,5,"O01","O11","O08","O03"
83,8,4,"O10","O04","O05","O01"
83,9,9,"O02","O06","O03","O04"
83,10,7,"O05","O07","O06","O08"
83,11,8,"O04","O09","O08","O12"
83,12,2,"O04","O07","O11","O02"
84,1,9,"O02","O03","O04","O06"
84,2,3,"O09","O08","O02","O10"
84,3,8,"O08","O04","O09","O12"
84,4,7,"O06","O05","O07","O08"
84,5,2,"O02","O04","O11","O07"
84,6,5,"O01","O11","O08","O03"
84,7,6,"O03","O12","O07","O10"
84,8,4,"O04","O10","O05","O01"
84,9,12,"O11","O09","O05","O03"
84,10,10,"O07","O09","O01","O06"
84,11,11,"O10","O12","O06","O11"
84,12,1,"O02","O12","O01","O05"
85,1,4,"O01","O04","O05","O10"
85,2,5,"O01","O03","O08","O11"
85,3,7,"O05","O08","O07","O06"
85,4,12,"O03","O05","O11","O09"
85,5,1,"O05","O12","O01","O02"
85,6,10,"O06","O01","O07","O09"
85,7,11,"O10","O06","O11","O12"
85,8,3,"O08","O02","O10","O09"
85,9,2,"O04","O11","O02","O07"
85,10,8,"O08","O12","O09","O04"
85,11,6,"O03","O12","O07","O10"
85,12,9,"O04","O02","O03","O06"
86,1,1,"O12","O02","O05","O01"
86,2,7,"O05","O07","O06","O08"
86,3,2,"O02","O04","O11","O07"
86,4,5,"O08","O11","O01","O03"
86,5,9,"O06","O04","O02","O03"
86,6,10,"O09","O01","O07","O06"
86,7,8,"O08","O12","O09","O04"
86,8,4,"O10","O05","O04","O01"
86,9,3,"O09","O08","O10","O02"
86,10,12,"O09","O11","O05","O03"
86,11,6,"O12","O10","O07","O03"
86,12,11,"O06","O10","O11","O12"
87,1,7,"O06","O05","O07","O08"
87,2,11,"O11","O10","O12","O06"
87,3,1,"O01","O05","O12","O02"
87,4,8,"O08","O12","O09","O04"
87,5,6,"O12","O10","O03","O07"
87,6,2,"O04","O11","O07","O02"
87,7,3,"O02","O09","O10","O08"
87,8,5,"O11","O08","O01","O03"
87,9,10,"O06","O07","O09","O01"
87,10,12,"O05","O11","O09","O03"
87,11,4,"O04","O05","O10","O01"
87,12,9,"O03","O06","O04","O02"
88,1,6,"O10","O07","O03","O12"
88,2,5,"O11","O01","O03","O08"
88,3,3,"O10","O09","O02","O08"
88,4,11,"O10","O06","O12","O11"
88,5,12,"O09","O03","O11","O05"
88,6,8,"O09","O04","O12","O08"
88,7,4,"O05","O10","O04","O01"
88,8,2,"O04","O07","O11","O02"
88,9,9,"O06","O02","O03","O04"
88,10,7,"O08","O06","O07","O05"
88,11,1,"O02","O01","O05","O12"
88,12,10,"O06","O09","O01","O07"
89,1,1,"O01","O12","O02","O05"
89,2,12,"O09","O11","O05","O03"
89,3,8,"O04","O09","O08","O12"
89,4,5,"O01","O08","O03","O11"
89,5,2,"O11","O02","O07","O04"
89,6,6,"O12","O10","O07","O03"
89,7,4,"O04","O05","O10","O01"
89,8,9,"O04","O02","O06","O03"
89,9,11,"O11","O06","O10","O12"
89,10,7,"O08","O07","O05","O06"
89,11,3,"O09","O10","O08","O02"
89,12,10,"O01","O06","O07","O09"
90,1,7,"O05","O08","O07","O06"
90,2,2,"O02","O04","O11","O07"
90,3,8,"O09","O08","O04","O12"
90,4,1,"O02","O12","O05","O01"
90,5,11,"O11","O10","O12","O06"
90,6,9,"O04","O06","O02","O03"
90,7,4,"O04","O05","O01","O10"
90,8,12,"O03","O09","O05","O11"
90,9,5,"O11","O03","O08","O01"
90,10,10,"O06","O01","O07","O09"
90,11,3,"O09","O08","O02","O10"
90,12,6,"O12","O10","O03","O07"
91,1,3,"O10","O09","O08","O02"
91,2,6,"O03","O10","O07","O12"
91,3,8,"O09","O04","O12","O08"
91,4,11,"O10","O06","O11","O12"
91,5,12,"O05","O09","O03","O11"
91,6,2,"O07","O11","O04","O02"
91,7,5,"O01","O08","O11","O03"
91,8,9,"O02","O03","O06","O04"
91,9,10,"O01","O07","O06","O09"
91,10,1,"O12","O01","O02","O05"
91,11,4,"O04","O01","O05","O10"
91,12,7,"O06","O07","O05","O08"
92,1,3,"O09","O08","O02","O10"
92,2,1,"O01","O05","O12","O02"
92,3,11,"O11","O06","O10","O12"
92,4,10,"O09","O06","O07","O01"
92,5,4,"O01","O04","O05","O10"
92,6,12,"O09","O11","O05","O03"
92,7,7,"O06","O05","O07","O08"
92,8,8,"O08","O12","O09","O04"
92,9,2,"O02","O04","O07","O11"
92,10,5,"O03","O11","O08","O01"
92,11,6,"O10","O03","O07","O12"
92,12,9,"O02","O04","O03","O06"
93,1,7,"O07","O08","O06","O05"
93,2,9,"O03","O02","O04","O06"
93,3,11,"O10","O11","O12","O06"
93,4,1,"O05","O12","O02","O01"
93,5,6,"O07","O03","O12","O10"
93,6,5,"O11","O01","O08","O03"
93,7,10,"O07","O06","O01","O09"
93,8,8,"O12","O04","O09","O08"
93,9,2,"O11","O07","O02","O04"
93,10,12,"O11","O03","O05","O09"
93,11,3,"O08","O02","O10","O09"
93,12,4,"O04","O01","O10","O05"
94,1,8,"O08","O09","O04","O12"
94,2,6,"O12","O07","O10","O03"
94,3,2,"O02","O11","O07","O04"
94,4,10,"O09","O07","O06","O01"
94,5,7,"O07","O06","O08","O05"
94,6,5,"O03","O01","O11","O08"
94,7,4,"O01","O04","O10","O05"
94,8,12,"O11","O03","O09","O05"
94,9,9,"O02","O06","O04","O03"
94,10,1,"O05","O02","O01","O12"
94,11,3,"O10","O02","O08","O09"
94,12,11,"O12","O10","O11","O06"
95,1,7,"O06","O07","O08","O05"
95,2,3,"O10","O02","O08","O09"
95,3,9,"O06","O02","O03","O04"
95,4,6,"O03","O10","O12","O07"
95,5,4,"O04","O10","O01","O05"
95,6,10,"O07","O06","O01","O09"
95,7,8,"O04","O08","O12","O09"
95,8,11,"O12","O10","O06","O11"
95,9,5,"O08","O03","O01","O11"
95,10,12,"O09","O05","O11","O03"
95,11,1,"O12","O02","O05","O01"
95,12,2,"O02","O07","O11","O04"
96,1,9,"O04","O03","O02","O06"
96,2,7,"O05","O07","O08","O06"
96,3,2,"O02","O11","O04","O07"
96,4,11,"O12","O11","O06","O10"
96,5,6,"O03","O07","O12","O10"
96,6,4,"O04","O10","O01","O05"
96,7,8,"O09","O12","O08","O04"
96,8,5,"O11","O01","O08","O03"
96,9,3,"O02","O09","O08","O10"
96,10,10,"O06","O07","O09","O01"
96,11,12,"O03","O11","O05","O09"
96,12,1,"O12","O05","O01","O02"
97,1,6,"O03","O12","O10","O07"
97,2,5,"O11","O08","O03","O01"
97,3,7,"O08","O05","O06","O07"
97,4,8,"O08","O12","O04","O09"
97,5,9,"O06","O03","O04","O02"
97,6,2,"O04","O11","O07","O02"
97,7,12,"O03","O05","O11","O09"
97,8,11,"O12","O06","O11","O10"
97,9,4,"O01","O05","O10","O04"
97,10,3,"O02","O10","O09","O08"
97,11,10,"O01","O07","O06","O09"
97,12,1,"O12","O02","O01","O05"
98,1,3,"O09","O10","O08","O02"
98,2,11,"O06","O12","O11","O10"
98,3,12,"O11","O03","O05","O09"
98,4,8,"O08","O09","O04","O12"
98,5,4,"O01","O10","O05","O04"
98,6,2,"O11","O07","O04","O02"
98,7,1,"O02","O12","O05","O01"
98,8,9,"O04","O02","O06","O03"
98,9,5,"O03","O11","O08","O01"
98,10,10,"O09","O07","O01","O06"
98,11,7,"O07","O05","O08","O06"
98,12,6,"O07","O03","O12","O10"
99,1,4,"O04","O10","O01","O05"
99,2,12,"O09","O03","O11","O05"
99,3,1,"O12","O01","O02","O05"
99,4,8,"O12","O08","O04","O09"
99,5,5,"O03","O01","O11","O08"
99,6,9,"O02","O03","O04","O06"
99,7,3,"O09","O10","O02","O08"
99,8,10,"O07","O06","O01","O09"
99,9,6,"O03","O10","O07","O12"
99,10,11,"O06","O10","O11","O12"
99,11,2,"O04","O07","O02","O11"
99,12,7,"O07","O05","O08","O06"
100,1,11,"O06","O11","O12","O10"
100,2,12,"O03","O11","O09","O05"
100,3,5,"O03","O01","O08","O11"
100,4,9,"O06","O04","O03","O02"
100,5,1,"O12","O02","O05","O01"
100,6,7,"O05","O06","O08","O07"
100,7,8,"O08","O09","O12","O04"
100,8,2,"O07","O04","O11","O02"
100,9,4,"O04","O05","O01","O10"
100,10,10,"O06","O09","O07","O01"
100,11,6,"O07","O12","O10","O03"
100,12,3,"O10","O08","O02","O09"
101,1,12,"O03","O09","O05","O11"
101,2,11,"O10","O06","O12","O11"
101,3,10,"O07","O09","O06","O01"
101,4,6,"O12","O07","O10","O03"
101,5,9,"O04","O03","O06","O02"
101,6,5,"O03","O01","O08","O11"
101,7,1,"O05","O02","O12","O01"
101,8,7,"O08","O05","O07","O06"
101,9,4,"O10","O04","O05","O01"
101,10,3,"O10","O02","O09","O08"
101,11,8,"O12","O04","O08","O09"
101,12,2,"O04","O02","O07","O11"
102,1,12,"O03","O05","O09","O11"
102,2,4,"O10","O04","O05","O01"
102,3,8,"O08","O12","O09","O04"
102,4,10,"O06","O09","O07","O01"
102,5,3,"O02","O09","O10","O08"
102,6,7,"O06","O05","O08","O07"
102,7,9,"O02","O04","O03","O06"
102,8,5,"O08","O03","O01","O11"
102,9,11,"O10","O12","O11","O06"
102,10,1,"O02","O05","O12","O01"
102,11,2,"O02","O04","O11","O07"
102,12,6,"O03","O07","O12","O10"
103,1,1,"O12","O05","O01","O02"
103,2,4,"O10","O05","O01","O04"
103,3,3,"O10","O02","O09","O08"
103,4,9,"O02","O06","O03","O04"
103,5,8,"O09","O12","O04","O08"
103,6,5,"O08","O03","O11","O01"
103,7,11,"O06","O12","O11","O10"
103,8,6,"O07","O03","O10","O12"
103,9,7,"O07","O06","O05","O08"
103,10,10,"O09","O01","O07","O06"
103,11,12,"O03","O11","O09","O05"
103,12,2,"O04","O07","O11","O02"
104,1,3,"O10","O09","O02","O08"
104,2,6,"O12","O07","O03","O10"
104,3,8,"O09","O12","O04","O08"
104,4,9,"O02","O06","O03","O04"
104,5,10,"O01","O06","O09","O07"
104,6,2,"O11","O07","O02","O04"
104,7,11,"O12","O10","O06","O11"
104,8,1,"O12","O05","O01","O02"
104,9,7,"O07","O08","O05","O06"
104,10,4,"O04","O05","O10","O01"
104,11,5,"O08","O01","O03","O11"
104,12,12,"O05","O09","O11","O03"
105,1,7,"O08","O06","O05","O07"
105,2,3,"O02","O10","O08","O09"
105,3,8,"O09","O04","O12","O08"
105,4,1,"O05","O02","O12","O01"
105,5,10,"O01","O07","O09","O06"
105,6,4,"O04","O01","O10","O05"
105,7,5,"O11","O01","O03","O08"
105,8,11,"O06","O12","O11","O10"
105,9,9,"O02","O04","O03","O06"
105,10,2,"O04","O11","O02","O07"
105,11,12,"O11","O03","O09","O05"
105,12,6,"O10","O03","O12","O07"
106,1,2,"O11","O04","O02","O07"
106,2,11,"O10","O12","O06","O11"
106,3,12,"O05","O09","O03","O11"
106,4,6,"O12","O03","O10","O07"
106,5,10,"O09","O01","O07","O06"
106,6,8,"O08","O09","O04","O12"
106,7,3,"O02","O09","O10","O08"
106,8,5,"O11","O03","O08","O01"
106,9,1,"O05","O02","O01","O12"
106,10,9,"O02","O03","O06","O04"
106,11,4,"O05","O01","O10","O04"
106,12,7,"O08","O07","O06","O05"
107,1,12,"O03","O11","O09","O05"
107,2,7,"O07","O05","O06","O08"
107,3,6,"O07","O03","O12","O10"
107,4,9,"O03","O04","O02","O06"
107,5,10,"O09","O06","O01","O07"
107,6,3,"O02","O10","O09","O08"
107,7,2,"O11","O07","O04","O02"
107,8,1,"O02","O01","O12","O05"
107,9,11,"O11","O10","O12","O06"
107,10,5,"O01","O11","O08","O03"
107,11,8,"O12","O09","O08","O04"
107,12,4,"O01","O04","O05","O10"
108,1,9,"O04","O06","O02","O03"
108,2,10,"O09","O01","O06","O07"
108,3,1,"O01","O12","O02","O05"
108,4,5,"O08","O01","O03","O11"
108,5,6,"O03","O12","O07","O10"
108,6,8,"O08","O09","O12","O04"
108,7,11,"O11","O10","O06","O12"
108,8,3,"O08","O10","O02","O09"
108,9,2,"O11","O04","O07","O02"
108,10,7,"O06","O07","O05","O08"
108,11,12,"O03","O09","O11","O05"
108,12,4,"O01","O04","O05","O10"
109,1,12,"O11","O03","O05","O09"
109,2,8,"O04","O08","O09","O12"
109,3,5,"O08","O03","O11","O01"
109,4,6,"O10","O07","O12","O03"
109,5,2,"O07","O04","O02","O11"
109,6,4,"O05","O01","O10","O04"
109,7,7,"O05","O06","O07","O08"
109,8,10,"O09","O06","O01","O07"
109,9,11,"O06","O10","O11","O12"
109,10,9,"O04","O06","O02","O03"
109,11,1,"O05","O12","O02","O01"
109,12,3,"O09","O10","O08","O02"
110,1,8,"O12","O09","O04","O08"
110,2,4,"O01","O04","O05","O10"
110,3,2,"O11","O07","O04","O02"
110,4,1,"O01","O12","O02","O05"
110,5,3,"O08","O09","O02","O10"
110,6,12,"O09","O11","O03","O05"
110,7,5,"O08","O11","O03","O01"
110,8,6,"O10","O03","O07","O12"
110,9,7,"O06","O07","O08","O05"
110,10,11,"O10","O11","O06","O12"
110,11,10,"O06","O09","O07","O01"
110,12,9,"O03","O04","O02","O06"
111,1,5,"O11","O08","O03","O01"
111,2,11,"O12","O06","O10","O11"
111,3,2,"O02","O04","O07","O11"
111,4,12,"O03","O11","O09","O05"
111,5,9,"O04","O06","O02","O03"
111,6,1,"O05","O02","O12","O01"
111,7,4,"O04","O01","O10","O05"
111,8,6,"O12","O07","O03","O10"
111,9,7,"O08","O05","O07","O06"
111,10,3,"O10","O09","O02","O08"
111,11,8,"O12","O04","O09","O08"
111,12,10,"O06","O01","O09","O07"
112,1,8,"O09","O08","O12","O04"
112,2,5,"O03","O11","O01","O08"
112,3,4,"O10","O05","O04","O01"
112,4,7,"O06","O07","O08","O05"
112,5,2,"O04","O02","O11","O07"
112,6,10,"O06","O07","O09","O01"
112,7,3,"O08","O10","O02","O09"
112,8,12,"O11","O05","O03","O09"
112,9,9,"O03","O04","O06","O02"
112,10,6,"O10","O03","O07","O12"
112,11,11,"O11","O10","O12","O06"
112,12,1,"O05","O12","O02","O01"
113,1,3,"O09","O10","O02","O08"
113,2,11,"O06","O12","O11","O10"
113,3,9,"O06","O03","O04","O02"
113,4,6,"O03","O10","O12","O07"
113,5,1,"O12","O01","O05","O02"
113,6,8,"O08","O09","O12","O04"
113,7,4,"O10","O05","O04","O01"
113,8,7,"O08","O07","O05","O06"
113,9,2,"O11","O07","O02","O04"
113,10,10,"O07","O09","O06","O01"
113,11,12,"O09","O11","O03","O05"
113,12,5,"O03","O01","O08","O11"
114,1,1,"O05","O01","O02","O12"
114,2,3,"O09","O10","O08","O02"
114,3,7,"O06","O07","O05","O08"
114,4,6,"O10","O03","O07","O12"
114,5,2,"O07","O04","O02","O11"
114,6,8,"O08","O12","O04","O09"
114,7,10,"O06","O07","O01","O09"
114,8,5,"O11","O08","O03","O01"
114,9,9,"O03","O04","O02","O06"
114,10,12,"O11","O09","O03","O05"
114,11,11,"O06","O10","O12","O11"
114,12,4,"O01","O04","O10","O05"
115,1,7,"O08","O07","O06","O05"
115,2,9,"O02","O04","O03","O06"
115,3,12,"O03","O09","O05","O11"
115,4,1,"O01","O12","O05","O02"
115,5,3,"O10","O08","O09","O02"
115,6,11,"O12","O11","O10","O06"
115,7,8,"O12","O08","O09","O04"
115,8,4,"O01","O04","O10","O05"
115,9,6,"O12","O07","O03","O10"
115,10,10,"O07","O09","O01","O06"
115,11,2,"O07","O02","O11","O04"
115,12,5,"O08","O11","O03","O01"
116,1,12,"O11","O03","O09","O05"
116,2,9,"O04","O03","O06","O02"
116,3,7,"O08","O07","O05","O06"
116,4,1,"O02","O01","O05","O12"
116,5,6,"O10","O07","O03","O12"
116,6,4,"O01","O05","O10","O04"
116,7,11,"O11","O12","O06","O10"
116,8,10,"O01","O06","O09","O07"
116,9,3,"O10","O09","O02","O08"
116,10,8,"O09","O12","O04","O08"
116,11,5,"O01","O03","O08","O11"
116,12,2,"O04","O11","O07","O02"
117,1,3,"O10","O08","O09","O02"
117,2,4,"O05","O10","O04","O01"
117,3,11,"O06","O11","O12","O10"
117,4,10,"O01","O06","O07","O09"
117,5,12,"O11","O09","O03","O05"
117,6,2,"O07","O02","O04","O11"
117,7,8,"O12","O09","O04","O08"
117,8,1,"O12","O01","O02","O05"
117,9,7,"O07","O08","O06","O05"
117,10,9,"O04","O03","O06","O02"
117,11,6,"O12","O03","O10","O07"
117,12,5,"O03","O01","O11","O08"
118,1,10,"O07","O09","O01","O06"
118,2,3,"O09","O02","O10","O08"
118,3,11,"O11","O12","O10","O06"
118,4,8,"O12","O09","O08","O04"
118,5,2,"O02","O04","O11","O07"
118,6,6,"O10","O07","O12","O03"
118,7,9,"O03","O06","O04","O02"
118,8,1,"O05","O02","O01","O12"
118,9,12,"O03","O11","O09","O05"
118,10,5,"O08","O11","O03","O01"
118,11,4,"O05","O04","O10","O01"
118,12,7,"O06","O05","O08","O07"
119,1,5,"O03","O11","O08","O01"
119,2,8,"O04","O08","O09","O12"
119,3,11,"O12","O06","O11","O10"
119,4,12,"O11","O03","O09","O05"
119,5,7,"O08","O06","O07","O05"
119,6,6,"O03","O10","O07","O12"
119,7,1,"O12","O05","O02","O01"
119,8,3,"O09","O02","O10","O08"
119,9,4,"O04","O10","O05","O01"
119,10,10,"O01","O06","O07","O09"
119,11,2,"O04","O07","O02","O11"
119,12,9,"O03","O02","O06","O04"
120,1,12,"O05","O11","O09","O03"
120,2,6,"O12","O03","O07","O10"
120,3,7,"O05","O08","O07","O06"
120,4,11,"O12","O10","O06","O11"
120,5,5,"O01","O11","O03","O08"
120,6,1,"O05","O01","O12","O02"
120,7,3,"O09","O08","O02","O10"
120,8,9,"O03","O06","O02","O04"
120,9,10,"O06","O01","O07","O09"
120,10,8,"O09","O04","O08","O12"
120,11,2,"O07","O11","O04","O02"
120,12,4,"O10","O01","O04","O05"
121,1,3,"O09","O02","O08","O10"
121,2,12,"O03","O09","O05","O11"
121,3,2,"O02","O11","O04","O07"
121,4,10,"O06","O09","O07","O01"
121,5,4,"O01","O10","O04","O05"
121,6,8,"O08","O09","O12","O04"
121,7,11,"O11","O10","O12","O06"
121,8,9,"O04","O06","O03","O02"
121,9,7,"O05","O07","O08","O06"
121,10,5,"O08","O01","O03","O11"
121,11,6,"O03","O07","O10","O12"
121,12,1,"O02","O12","O05","O01"
122,1,1,"O12","O05","O01","O02"
122,2,9,"O03","O02","O06","O04"
122,3,7,"O08","O07","O05","O06"
122,4,12,"O05","O09","O03","O11"
122,5,8,"O04","O12","O09","O08"
122,6,2,"O11","O07","O02","O04"
122,7,10,"O01","O06","O07","O09"
122,8,11,"O11","O10","O12","O06"
122,9,3,"O08","O02","O10","O09"
122,10,5,"O08","O03","O01","O11"
122,11,4,"O05","O04","O10","O01"
122,12,6,"O07","O10","O12","O03"
123,1,12,"O03","O09","O11","O05"
123,2,6,"O07","O10","O03","O12"
123,3,3,"O02","O09","O08","O10"
123,4,10,"O01","O07","O09","O06"
123,5,9,"O06","O02","O04","O03"
123,6,2,"O07","O04","O02","O11"
123,7,11,"O06","O12","O10","O11"
123,8,1,"O12","O05","O02","O01"
123,9,8,"O04","O08","O09","O12"
123,10,4,"O04","O10","O01","O05"
123,11,7,"O07","O05","O06","O08"
123,12,5,"O11","O01","O03","O08"
124,1,6,"O10","O12","O03","O07"
124,2,8,"O09","O12","O08","O04"
124,3,10,"O09","O07","O01","O06"
124,4,7,"O06","O08","O05","O07"
124,5,12,"O05","O11","O09","O03"
124,6,9,"O02","O04","O06","O03"
124,7,1,"O05","O12","O02","O01"
124,8,11,"O11","O06","O10","O12"
124,9,4,"O05","O04","O01","O10"
124,10,2,"O04","O02","O11","O07"
124,11,3,"O08","O09","O10","O02"
124,12,5,"O11","O08","O01","O03"
125,1,7,"O05","O06","O08","O07"
125,2,8,"O04","O08","O09","O12"
125,3,4,"O05","O10","O01","O04"
125,4,5,"O03","O11","O01","O08"
125,5,2,"O11","O07","O04","O02"
125,6,1,"O12","O02","O01","O05"
125,7,11,"O11","O12","O06","O10"
125,8,10,"O09","O07","O01","O06"
125,9,3,"O02","O08","O10","O09"
125,10,9,"O03","O06","O02","O04"
125,11,12,"O03","O05","O11","O09"
125,12,6,"O10","O07","O03","O12"
126,1,10,"O09","O01","O06","O07"
126,2,7,"O05","O07","O08","O06"
126,3,9,"O02","O03","O04","O06"
126,4,6,"O07","O12","O03","O10"
126,5,3,"O02","O08","O10","O09"
126,6,5,"O03","O08","O11","O01"
126,7,12,"O05","O11","O09","O03"
126,8,1,"O02","O12","O01","O05"
126,9,8,"O12","O04","O08","O09"
126,10,11,"O10","O12","O06","O11"
126,11,4,"O01","O10","O04","O05"
126,12,2,"O02","O11","O04","O07"
127,1,10,"O09","O07","O01","O06"
127,2,5,"O08","O03","O01","O11"
127,3,9,"O02","O06","O03","O04"
127,4,11,"O06","O10","O12","O11"
127,5,8,"O09","O12","O04","O08"
127,6,2,"O02","O07","O11","O04"
127,7,7,"O07","O06","O08","O05"
127,8,6,"O07","O12","O10","O03"
127,9,1,"O01","O02","O05","O12"
127,10,12,"O03","O09","O11","O05"
127,11,4,"O01","O04","O05","O10"
127,12,3,"O02","O09","O10","O08"
128,1,5,"O01","O03","O08","O11"
128,2,2,"O02","O11","O07","O04"
128,3,7,"O08","O06","O07","O05"
128,4,9,"O02","O06","O04","O03"
128,5,11,"O11","O12","O10","O06"
128,6,12,"O05","O11","O03","O09"
128,7,8,"O12","O09","O04","O08"
128,8,1,"O12","O02","O01","O05"
128,9,10,"O09","O06","O01","O07"
128,10,3,"O09","O10","O08","O02"
128,11,4,"O10","O01","O04","O05"
128,12,6,"O10","O12","O03","O07"
129,1,9,"O04","O06","O03","O02"
129,2,11,"O12","O11","O06","O10"
129,3,12,"O03","O11","O05","O09"
129,4,10,"O06","O07","O01","O09"
129,5,7,"O05","O07","O08","O06"
129,6,1,"O12","O05","O01","O02"
129,7,6,"O03","O07","O10","O12"
129,8,2,"O11","O07","O02","O04"
129,9,8,"O09","O08","O12","O04"
129,10,3,"O10","O02","O08","O09"
129,11,5,"O08","O01","O03","O11"
129,12,4,"O10","O01","O05","O04"
130,1,4,"O10","O01","O04","O05"
130,2,6,"O10","O12","O03","O07"
130,3,8,"O09","O12","O04","O08"
130,4,10,"O01","O07","O06","O09"
130,5,7,"O05","O08","O07","O06"
130,6,12,"O11","O09","O03","O05"
130,7,5,"O08","O03","O01","O11"
130,8,2,"O02","O11","O04","O07"
130,9,1,"O01","O02","O05","O12"
130,10,9,"O04","O06","O03","O02"
130,11,3,"O10","O02","O08","O09"
130,12,11,"O11","O12","O10","O06"
131,1,3,"O10","O09","O08","O02"
131,2,9,"O02","O06","O04","O03"
131,3,10,"O06","O07","O01","O09"
131,4,1,"O01","O02","O12","O05"
131,5,11,"O12","O10","O06","O11"
131,6,2,"O11","O02","O04","O07"
131,7,8,"O04","O08","O12","O09"
131,8,7,"O08","O05","O06","O07"
131,9,4,"O04","O01","O05","O10"
131,10,5,"O11","O08","O03","O01"
131,11,6,"O03","O12","O10","O07"
131,12,12,"O03","O09","O11","O05"
132,1,9,"O03","O06","O02","O04"
132,2,7,"O05","O07","O06","O08"
132,3,2,"O04","O07","O02","O11"
132,4,11,"O06","O11","O10","O12"
132,5,5,"O11","O08","O03","O01"
132,6,6,"O03","O07","O12","O10"
132,7,10,"O01","O06","O07","O09"
132,8,3,"O09","O10","O02","O08"
132,9,8,"O08","O09","O12","O04"
132,10,4,"O05","O01","O10","O04"
132,11,12,"O05","O09","O11","O03"
132,12,1,"O05","O12","O02","O01"
133,1,2,"O02","O04","O07","O11"
133,2,8,"O12","O08","O04","O09"
133,3,7,"O08","O07","O05","O06"
133,4,5,"O01","O03","O11","O08"
133,5,12,"O05","O03","O09","O11"
133,6,6,"O03","O07","O12","O10"
133,7,4,"O01","O10","O05","O04"
133,8,10,"O07","O01","O09","O06"
133,9,1,"O01","O02","O12","O05"
133,10,11,"O11","O10","O12","O06"
133,11,9,"O02","O06","O03","O04"
133,12,3,"O02","O09","O10","O08"
134,1,8,"O12","O08","O09","O04"
134,2,5,"O08","O01","O03","O11"
134,3,6,"O10","O12","O03","O07"
134,4,7,"O05","O07","O06","O08"
134,5,11,"O12","O10","O11","O06"
134,6,10,"O06","O07","O01","O09"
134,7,2,"O07","O02","O04","O11"
134,8,1,"O12","O01","O05","O02"
134,9,4,"O04","O10","O05","O01"
134,10,3,"O02","O09","O10","O08"
134,11,9,"O02","O04","O06","O03"
134,12,12,"O03","O05","O11","O09"
135,1,11,"O06","O12","O11","O10"
135,2,2,"O11","O07","O02","O04"
135,3,9,"O03","O02","O04","O06"
135,4,4,"O04","O01","O05","O10"
135,5,5,"O03","O08","O11","O01"
135,6,3,"O08","O02","O09","O10"
135,7,1,"O12","O05","O02","O01"
135,8,12,"O05","O11","O09","O03"
135,9,6,"O10","O03","O12","O07"
135,10,8,"O04","O08","O09","O12"
135,11,7,"O07","O08","O05","O06"
135,12,10,"O09","O07","O06","O01"
136,1,9,"O06","O03","O02","O04"
136,2,7,"O08","O06","O05","O07"
136,3,4,"O04","O05","O10","O01"
136,4,1,"O01","O12","O05","O02"
136,5,5,"O08","O01","O03","O11"
136,6,8,"O08","O09","O12","O04"
136,7,3,"O09","O08","O02","O10"
136,8,6,"O07","O12","O03","O10"
136,9,12,"O11","O05","O03","O09"
136,10,2,"O11","O02","O04","O07"
136,11,10,"O01","O07","O09","O06"
136,12,11,"O11","O10","O06","O12"
137,1,12,"O11","O03","O09","O05"
137,2,7,"O07","O08","O05","O06"
137,3,8,"O04","O12","O09","O08"
137,4,3,"O09","O10","O08","O02"
137,5,5,"O11","O01","O08","O03"
137,6,1,"O02","O12","O01","O05"
137,7,10,"O07","O09","O06","O01"
137,8,4,"O01","O05","O04","O10"
137,9,2,"O02","O07","O04","O11"
137,10,9,"O03","O06","O04","O02"
137,11,6,"O03","O12","O10","O07"
137,12,11,"O11","O12","O10","O06"
138,1,12,"O03","O11","O09","O05"
138,2,3,"O02","O10","O08","O09"
138,3,5,"O03","O01","O11","O08"
138,4,6,"O03","O07","O12","O10"
138,5,9,"O04","O03","O02","O06"
138,6,8,"O08","O04","O12","O09"
138,7,1,"O12","O02","O05","O01"
138,8,11,"O12","O06","O10","O11"
138,9,4,"O01","O05","O10","O04"
138,10,10,"O06","O09","O07","O01"
138,11,2,"O07","O04","O02","O11"
138,12,7,"O06","O07","O05","O08"
139,1,3,"O02","O10","O09","O08"
139,2,1,"O05","O02","O12","O01"
139,3,11,"O10","O06","O11","O12"
139,4,12,"O05","O03","O11","O09"
139,5,2,"O04","O11","O02","O07"
139,6,7,"O07","O08","O06","O05"
139,7,4,"O05","O10","O01","O04"
139,8,6,"O07","O03","O10","O12"
139,9,8,"O12","O08","O04","O09"
139,10,9,"O02","O04","O06","O03"
139,11,10,"O09","O01","O06","O07"
139,12,5,"O01","O08","O03","O11"
140,1,2,"O02","O11","O04","O07"
140,2,11,"O12","O10","O11","O06"
140,3,1,"O01","O02","O12","O05"
140,4,4,"O01","O04","O05","O10"
140,5,12,"O03","O09","O05","O11"
140,6,6,"O03","O10","O07","O12"
140,7,8,"O09","O04","O12","O08"
140,8,7,"O07","O05","O08","O06"
140,9,3,"O10","O08","O09","O02"
140,10,5,"O01","O03","O08","O11"
140,11,9,"O04","O06","O03","O02"
140,12,10,"O07","O01","O06","O09"
141,1,10,"O07","O09","O01","O06"
141,2,4,"O05","O10","O01","O04"
141,3,3,"O08","O10","O02","O09"
141,4,11,"O06","O12","O10","O11"
141,5,2,"O02","O04","O07","O11"
141,6,12,"O05","O09","O03","O11"
141,7,5,"O01","O08","O11","O03"
141,8,8,"O08","O09","O04","O12"
141,9,6,"O10","O12","O07","O03"
141,10,9,"O02","O03","O04","O06"
141,11,7,"O05","O06","O07","O08"
141,12,1,"O12","O05","O02","O01"
142,1,9,"O02","O04","O03","O06"
142,2,2,"O07","O02","O11","O04"
142,3,11,"O11","O12","O06","O10"
142,4,3,"O09","O10","O08","O02"
142,5,8,"O08","O04","O09","O12"
142,6,5,"O11","O08","O01","O03"
142,7,1,"O05","O01","O02","O12"
142,8,7,"O05","O07","O08","O06"
142,9,12,"O05","O03","O09","O11"
142,10,6,"O03","O07","O10","O12"
142,11,4,"O05","O01","O04","O10"
142,12,10,"O06","O09","O01","O07"
143,1,4,"O04","O01","O05","O10"
143,2,3,"O02","O10","O09","O08"
143,3,2,"O07","O04","O02","O11"
143,4,1,"O01","O02","O12","O05"
143,5,5,"O03","O11","O01","O08"
143,6,6,"O12","O10","O07","O03"
143,7,7,"O08","O06","O05","O07"
143,8,12,"O05","O03","O09","O11"
143,9,8,"O12","O08","O04","O09"
143,10,10,"O09","O06","O07","O01"
143,11,11,"O10","O11","O06","O12"
143,12,9,"O06","O04","O02","O03"
144,1,5,"O01","O03","O11","O08"
144,2,12,"O05","O03","O09","O11"
144,3,9,"O06","O02","O04","O03"
144,4,11,"O10","O11","O12","O06"
144,5,6,"O07","O12","O10","O03"
144,6,8,"O08","O09","O12","O04"
144,7,7,"O05","O08","O06","O07"
144,8,2,"O07","O04","O02","O11"
144,9,4,"O01","O04","O10","O05"
144,10,10,"O01","O07","O06","O09"
144,11,3,"O10","O02","O08","O09"
144,12,1,"O12","O02","O05","O01"
145,1,10,"O01","O07","O06","O09"
145,2,8,"O09","O04","O08","O12"
145,3,1,"O05","O02","O12","O01"
145,4,2,"O04","O07","O02","O11"
145,5,7,"O07","O06","O05","O08"
145,6,12,"O05","O09","O03","O11"
145,7,5,"O08","O01","O11","O03"
145,8,6,"O12","O03","O07","O10"
145,9,3,"O10","O08","O02","O09"
145,10,4,"O04","O05","O10","O01"
145,11,9,"O03","O02","O06","O04"
145,12,11,"O10","O06","O11","O12"
146,1,12,"O03","O09","O11","O05"
146,2,8,"O09","O04","O12","O08"
146,3,3,"O02","O10","O09","O08"
146,4,5,"O01","O03","O08","O11"
146,5,1,"O05","O01","O02","O12"
146,6,4,"O01","O10","O05","O04"
146,7,7,"O06","O08","O05","O07"
146,8,10,"O01","O07","O06","O09"
146,9,9,"O03","O06","O04","O02"
146,10,2,"O11","O04","O07","O02"
146,11,6,"O12","O03","O10","O07"
146,12,11,"O10","O06","O11","O12"
147,1,2,"O04","O07","O02","O11"
147,2,11,"O06","O11","O12","O10"
147,3,7,"O08","O06","O05","O07"
147,4,8,"O08","O09","O04","O12"
147,5,5,"O08","O03","O11","O01"
147,6,10,"O07","O01","O09","O06"
147,7,4,"O01","O05","O04","O10"
147,8,12,"O03","O09","O05","O11"
147,9,9,"O04","O03","O06","O02"
147,10,1,"O01","O05","O02","O12"
147,11,3,"O10","O02","O09","O08"
147,12,6,"O12","O03","O10","O07"
148,1,5,"O11","O01","O03","O08"
148,2,10,"O09","O01","O07","O06"
148,3,12,"O11","O03","O05","O09"
148,4,7,"O06","O05","O07","O08"
148,5,1,"O05","O01","O02","O12"
148,6,4,"O05","O10","O01","O04"
148,7,8,"O08","O12","O04","O09"
148,8,9,"O06","O04","O03","O02"
148,9,2,"O04","O11","O07","O02"
148,10,11,"O11","O06","O10","O12"
148,11,6,"O07","O12","O10","O03"
148,12,3,"O10","O02","O09","O08"
149,1,10,"O07","O06","O09","O01"
149,2,5,"O03","O01","O11","O08"
149,3,9,"O02","O06","O04","O03"
149,4,2,"O07","O11","O02","O04"
149,5,1,"O05","O12","O01","O02"
149,6,7,"O07","O08","O05","O06"
149,7,3,"O02","O09","O08","O10"
149,8,11,"O11","O06","O12","O10"
149,9,12,"O09","O03","O05","O11"
149,10,8,"O12","O04","O09","O08"
149,11,4,"O05","O04","O01","O10"
149,12,6,"O10","O07","O03","O12"
150,1,7,"O08","O07","O06","O05"
150,2,11,"O10","O11","O12","O06"
150,3,2,"O04","O07","O11","O02"
150,4,8,"O09","O04","O08","O12"
150,5,4,"O10","O05","O04","O01"
150,6,12,"O11","O03","O05","O09"
150,7,9,"O02","O06","O03","O04"
150,8,1,"O01","O02","O12","O05"
150,9,3,"O09","O08","O02","O10"
150,10,5,"O11","O01","O03","O08"
150,11,10,"O06","O01","O09","O07"
150,12,6,"O07","O10","O12","O03"
151,1,6,"O10","O12","O03","O07"
151,2,1,"O05","O01","O02","O12"
151,3,7,"O05","O08","O07","O06"
151,4,10,"O07","O06","O09","O01"
151,5,4,"O10","O01","O05","O04"
151,6,9,"O03","O06","O04","O02"
151,7,3,"O10","O08","O02","O09"
151,8,12,"O11","O03","O05","O09"
151,9,8,"O08","O12","O04","O09"
151,10,5,"O03","O08","O01","O11"
151,11,11,"O11","O10","O12","O06"
151,12,2,"O04","O11","O02","O07"
152,1,12,"O09","O03","O05","O11"
152,2,3,"O08","O09","O02","O10"
152,3,7,"O07","O08","O05","O06"
152,4,1,"O02","O12","O05","O01"
152,5,5,"O11","O08","O03","O01"
152,6,9,"O04","O03","O06","O02"
152,7,8,"O12","O04","O09","O08"
152,8,11,"O12","O10","O06","O11"
152,9,6,"O07","O12","O10","O03"
152,10,10,"O09","O07","O06","O01"
152,11,2,"O11","O02","O07","O04"
152,12,4,"O04","O01","O10","O05"
153,1,5,"O01","O03","O08","O11"
153,2,6,"O07","O12","O03","O10"
153,3,12,"O05","O03","O11","O09"
153,4,3,"O10","O09","O02","O08"
153,5,7,"O08","O05","O06","O07"
153,6,1,"O05","O01","O12","O02"
153,7,4,"O01","O10","O04","O05"
153,8,11,"O06","O10","O11","O12"
153,9,9,"O02","O03","O06","O04"
153,10,8,"O04","O09","O12","O08"
153,11,2,"O11","O04","O02","O07"
153,12,10,"O09","O07","O01","O06"
154,1,5,"O03","O08","O11","O01"
154,2,12,"O11","O09","O03","O05"
154,3,4,"O10","O01","O04","O05"
154,4,8,"O08","O09","O12","O04"
154,5,9,"O03","O06","O04","O02"
154,6,3,"O08","O02","O10","O09"
154,7,1,"O01","O05","O02","O12"
154,8,10,"O06","O07","O09","O01"
154,9,7,"O06","O07","O08","O05"
154,10,11,"O10","O06","O12","O11"
154,11,6,"O03","O07","O12","O10"
154,12,2,"O07","O04","O11","O02"
155,1,10,"O06","O01","O09","O07"
155,2,2,"O07","O11","O04","O02"
155,3,5,"O03","O11","O01","O08"
155,4,4,"O01","O10","O04","O05"
155,5,3,"O10","O09","O08","O02"
155,6,8,"O04","O09","O08","O12"
155,7,1,"O01","O02","O12","O05"
155,8,7,"O07","O08","O05","O06"
155,9,6,"O07","O03","O10","O12"
155,10,9,"O02","O04","O06","O03"
155,11,12,"O09","O03","O05","O11"
155,12,11,"O11","O06","O12","O10"
156,1,1,"O01","O02","O05","O12"
156,2,4,"O04","O05","O01","O10"
156,3,10,"O06","O07","O09","O01"
156,4,6,"O03","O10","O12","O07"
156,5,7,"O08","O05","O07","O06"
156,6,3,"O02","O10","O08","O09"
156,7,8,"O08","O09","O04","O12"
156,8,11,"O12","O11","O06","O10"
156,9,9,"O06","O03","O04","O02"
156,10,2,"O02","O04","O07","O11"
156,11,5,"O08","O03","O01","O11"
156,12,12,"O11","O05","O03","O09"
157,1,12,"O05","O03","O09","O11"
157,2,6,"O12","O07","O10","O03"
157,3,2,"O02","O11","O04","O07"
157,4,7,"O08","O06","O07","O05"
157,5,4,"O10","O05","O04","O01"
157,6,1,"O01","O05","O12","O02"
157,7,3,"O08","O10","O02","O09"
157,8,8,"O04","O12","O08","O09"
157,9,5,"O08","O01","O11","O03"
157,10,11,"O10","O11","O06","O12"
157,11,9,"O06","O02","O04","O03"
157,12,10,"O01","O07","O06","O09"
158,1,12,"O09","O03","O11","O05"
158,2,7,"O07","O06","O08","O05"
158,3,8,"O09","O04","O12","O08"
158,4,5,"O03","O11","O01","O08"
158,5,6,"O12","O07","O10","O03"
158,6,9,"O04","O02","O03","O06"
158,7,2,"O02","O07","O11","O04"
158,8,4,"O01","O05","O04","O10"
158,9,3,"O08","O09","O02","O10"
158,10,1,"O02","O05","O12","O01"
158,11,11,"O12","O06","O10","O11"
158,12,10,"O01","O07","O09","O06"
159,1,9,"O04","O03","O06","O02"
159,2,5,"O01","O11","O03","O08"
159,3,6,"O07","O03","O12","O10"
159,4,8,"O08","O04","O09","O12"
159,5,10,"O01","O09","O07","O06"
159,6,7,"O07","O08","O05","O06"
159,7,2,"O02","O11","O04","O07"
159,8,11,"O06","O10","O12","O11"
159,9,3,"O02","O09","O08","O10"
159,10,4,"O04","O10","O01","O05"
159,11,12,"O03","O05","O09","O11"
159,12,1,"O01","O12","O02","O05"
160,1,1,"O01","O02","O05","O12"
160,2,3,"O10","O09","O08","O02"
160,3,11,"O12","O11","O10","O06"
160,4,10,"O06","O07","O09","O01"
160,5,4,"O04","O10","O05","O01"
160,6,2,"O07","O11","O04","O02"
160,7,7,"O06","O07","O08","O05"
160,8,6,"O07","O12","O10","O03"
160,9,9,"O02","O04","O06","O03"
160,10,8,"O09","O12","O08","O04"
160,11,5,"O01","O03","O08","O11"
160,12,12,"O03","O11","O05","O09"
161,1,7,"O05","O06","O07","O08"
161,2,9,"O04","O06","O02","O03"
161,3,10,"O07","O01","O09","O06"
161,4,8,"O04","O09","O08","O12"
161,5,1,"O05","O01","O02","O12"
161,6,4,"O10","O05","O01","O04"
161,7,2,"O11","O07","O04","O02"
161,8,6,"O12","O07","O03","O10"
161,9,3,"O10","O09","O08","O02"
161,10,12,"O03","O09","O05","O11"
161,11,11,"O12","O11","O10","O06"
161,12,5,"O03","O01","O11","O08"
162,1,9,"O03","O04","O06","O02"
162,2,3,"O02","O08","O09","O10"
162,3,4,"O01","O04","O05","O10"
162,4,12,"O05","O11","O03","O09"
162,5,2,"O02","O07","O11","O04"
162,6,11,"O06","O10","O11","O12"
162,7,8,"O12","O04","O08","O09"
162,8,5,"O03","O01","O11","O08"
162,9,10,"O07","O06","O01","O09"
162,10,6,"O03","O12","O10","O07"
162,11,1,"O05","O02","O01","O12"
162,12,7,"O06","O08","O05","O07"
163,1,6,"O12","O03","O10","O07"
163,2,9,"O06","O02","O03","O04"
163,3,8,"O04","O09","O12","O08"
163,4,4,"O05","O01","O10","O04"
163,5,3,"O10","O08","O02","O09"
163,6,1,"O02","O05","O01","O12"
163,7,10,"O06","O07","O01","O09"
163,8,2,"O02","O11","O07","O04"
163,9,5,"O03","O01","O08","O11"
163,10,11,"O10","O12","O06","O11"
163,11,12,"O11","O09","O03","O05"
163,12,7,"O06","O05","O07","O08"
164,1,11,"O06","O10","O12","O11"
164,2,7,"O05","O07","O06","O08"
164,3,10,"O01","O06","O09","O07"
164,4,4,"O10","O01","O04","O05"
164,5,8,"O08","O09","O04","O12"
164,6,12,"O09","O05","O11","O03"
164,7,3,"O02","O08","O10","O09"
164,8,2,"O11","O04","O07","O02"
164,9,1,"O02","O01","O05","O12"
164,10,9,"O03","O02","O06","O04"
164,11,5,"O01","O03","O08","O11"
164,12,6,"O07","O12","O03","O10"
165,1,8,"O09","O08","O12","O04"
165,2,2,"O11","O07","O02","O04"
165,3,1,"O05","O12","O02","O01"
165,4,5,"O11","O03","O08","O01"
165,5,7,"O05","O08","O07","O06"
165,6,4,"O01","O10","O04","O05"
165,7,9,"O06","O04","O03","O02"
165,8,10,"O06","O01","O09","O07"
165,9,12,"O11","O03","O09","O05"
165,10,6,"O07","O10","O12","O03"
165,11,11,"O12","O11","O10","O06"
165,12,3,"O09","O08","O10","O02"
166,1,5,"O03","O11","O08","O01"
166,2,1,"O12","O01","O02","O05"
166,3,4,"O10","O05","O04","O01"
166,4,6,"O10","O07","O03","O12"
166,5,11,"O12","O11","O06","O10"
166,6,9,"O03","O02","O06","O04"
166,7,3,"O09","O08","O10","O02"
166,8,10,"O09","O01","O07","O06"
166,9,7,"O07","O06","O05","O08"
166,10,2,"O11","O07","O04","O02"
166,11,12,"O05","O09","O11","O03"
166,12,8,"O09","O04","O08","O12"
167,1,4,"O05","O10","O04","O01"
167,2,1,"O01","O05","O12","O02"
167,3,10,"O07","O01","O09","O06"
167,4,3,"O09","O10","O08","O02"
167,5,8,"O12","O08","O04","O09"
167,6,12,"O05","O11","O09","O03"
167,7,11,"O12","O06","O10","O11"
167,8,9,"O04","O06","O02","O03"
167,9,6,"O10","O03","O12","O07"
167,10,5,"O11","O03","O08","O01"
167,11,7,"O06","O08","O07","O05"
167,12,2,"O11","O07","O02","O04"
168,1,2,"O04","O07","O11","O02"
168,2,5,"O01","O11","O03","O08"
168,3,10,"O07","O06","O09","O01"
168,4,8,"O09","O04","O12","O08"
168,5,6,"O10","O07","O12","O03"
168,6,1,"O05","O12","O01","O02"
168,7,11,"O10","O11","O06","O12"
168,8,3,"O09","O10","O02","O08"
168,9,9,"O04","O03","O02","O06"
168,10,4,"O05","O01","O04","O10"
168,11,7,"O05","O07","O06","O08"
168,12,12,"O05","O11","O03","O09"
169,1,4,"O04","O05","O10","O01"
169,2,3,"O09","O02","O10","O08"
169,3,6,"O07","O12","O10","O03"
169,4,7,"O07","O08","O06","O05"
169,5,8,"O04","O09","O08","O12"
169,6,1,"O02","O01","O05","O12"
169,7,2,"O04","O07","O11","O02"
169,8,10,"O07","O06","O09","O01"
169,9,12,"O11","O03","O05","O09"
169,10,9,"O02","O06","O03","O04"
169,11,11,"O10","O12","O11","O06"
169,12,5,"O03","O08","O01","O11"
170,1,5,"O11","O08","O01","O03"
170,2,2,"O04","O07","O11","O02"
170,3,8,"O09","O12","O08","O04"
170,4,10,"O09","O01","O07","O06"
170,5,4,"O05","O01","O10","O04"
170,6,6,"O03","O07","O10","O12"
170,7,1,"O01","O05","O02","O12"
170,8,12,"O09","O03","O11","O05"
170,9,9,"O04","O06","O03","O02"
170,10,7,"O08","O05","O06","O07"
170,11,11,"O12","O10","O11","O06"
170,12,3,"O10","O02","O08","O09"
171,1,2,"O07","O11","O04","O02"
171,2,1,"O12","O01","O05","O02"
171,3,9,"O02","O06","O03","O04"
171,4,12,"O09","O11","O05","O03"
171,5,11,"O10","O12","O06","O11"
171,6,6,"O10","O03","O12","O07"
171,7,8,"O08","O09","O04","O12"
171,8,4,"O05","O04","O10","O01"
171,9,3,"O02","O08","O09","O10"
171,10,5,"O01","O11","O03","O08"
171,11,7,"O06","O05","O08","O07"
171,12,10,"O01","O06","O09","O07"
172,1,10,"O09","O01","O06","O07"
172,2,7,"O06","O08","O07","O05"
172,3,9,"O04","O06","O02","O03"
172,4,3,"O02","O09","O08","O10"
172,5,8,"O12","O08","O09","O04"
172,6,12,"O11","O09","O03","O05"
172,7,4,"O01","O04","O05","O10"
172,8,2,"O11","O02","O04","O07"
172,9,11,"O10","O12","O11","O06"
172,10,6,"O07","O10","O03","O12"
172,11,5,"O01","O11","O08","O03"
172,12,1,"O05","O12","O01","O02"
173,1,11,"O10","O11","O06","O12"
173,2,2,"O04","O07","O11","O02"
173,3,10,"O07","O06","O01","O09"
173,4,6,"O07","O10","O12","O03"
173,5,7,"O08","O06","O07","O05"
173,6,3,"O02","O09","O08","O10"
173,7,12,"O03","O11","O05","O09"
173,8,1,"O01","O02","O05","O12"
173,9,4,"O10","O01","O04","O05"
173,10,9,"O02","O06","O03","O04"
173,11,8,"O12","O04","O09","O08"
173,12,5,"O11","O08","O01","O03"
174,1,1,"O12","O05","O02","O01"
174,2,3,"O02","O08","O10","O09"
174,3,6,"O10","O07","O12","O03"
174,4,4,"O05","O10","O01","O04"
174,5,12,"O05","O11","O03","O09"
174,6,11,"O06","O10","O11","O12"
174,7,9,"O04","O02","O03","O06"
174,8,5,"O11","O03","O01","O08"
174,9,10,"O06","O09","O07","O01"
174,10,2,"O02","O11","O04","O07"
174,11,7,"O06","O08","O07","O05"
174,12,8,"O12","O08","O04","O09"
175,1,4,"O10","O05","O04","O01"
175,2,12,"O03","O05","O11","O09"
175,3,3,"O09","O08","O10","O02"
175,4,1,"O12","O05","O01","O02"
175,5,6,"O07","O03","O10","O12"
175,6,2,"O02","O07","O04","O11"
175,7,8,"O09","O08","O04","O12"
175,8,10,"O09","O07","O01","O06"
175,9,7,"O05","O07","O06","O08"
175,10,9,"O04","O03","O02","O06"
175,11,11,"O11","O10","O12","O06"
175,12,5,"O01","O08","O03","O11"
176,1,10,"O01","O06","O07","O09"
176,2,6,"O12","O10","O07","O03"
176,3,12,"O05","O03","O09","O11"
176,4,5,"O03","O11","O01","O08"
176,5,7,"O05","O06","O07","O08"
176,6,1,"O05","O02","O01","O12"
176,7,9,"O03","O04","O02","O06"
176,8,4,"O04","O01","O05","O10"
176,9,8,"O08","O12","O09","O04"
176,10,2,"O02","O07","O04","O11"
176,11,11,"O11","O10","O12","O06"
176,12,3,"O08","O09","O10","O02"
177,1,6,"O03","O10","O12","O07"
177,2,4,"O04","O10","O05","O01"
177,3,3,"O08","O10","O02","O09"
177,4,12,"O09","O05","O11","O03"
177,5,10,"O07","O01","O06","O09"
177,6,2,"O02","O11","O07","O04"
177,7,7,"O08","O05","O06","O07"
177,8,9,"O02","O06","O04","O03"
177,9,5,"O01","O03","O08","O11"
177,10,1,"O05","O02","O01","O12"
177,11,11,"O10","O12","O11","O06"
177,12,8,"O09","O12","O08","O04"
178,1,3,"O10","O08","O02","O09"
178,2,12,"O09","O03","O05","O11"
178,3,6,"O12","O03","O07","O10"
178,4,9,"O02","O06","O04","O03"
178,5,7,"O06","O05","O07","O08"
178,6,4,"O01","O05","O04","O10"
178,7,5,"O03","O11","O08","O01"
178,8,2,"O11","O07","O04","O02"
178,9,8,"O09","O08","O04","O12"
178,10,11,"O10","O11","O12","O06"
178,11,1,"O05","O02","O12","O01"
178,12,10,"O06","O09","O01","O07"
179,1,10,"O01","O09","O06","O07"
179,2,7,"O07","O05","O08","O06"
179,3,3,"O08","O02","O10","O09"
179,4,11,"O12","O11","O06","O10"
179,5,2,"O04","O02","O07","O11"
179,6,5,"O01","O08","O11","O03"
179,7,6,"O03","O12","O10","O07"
179,8,1,"O12","O01","O02","O05"
179,9,4,"O01","O05","O10","O04"
179,10,9,"O03","O06","O02","O04"
179,11,12,"O09","O03","O05","O11"
179,12,8,"O08","O09","O12","O04"
180,1,3,"O08","O10","O02","O09"
180,2,1,"O02","O12","O01","O05"
180,3,7,"O06","O05","O08","O07"
180,4,6,"O10","O07","O03","O12"
180,5,9,"O03","O04","O02","O06"
180,6,4,"O10","O05","O01","O04"
180,7,12,"O09","O03","O11","O05"
180,8,8,"O04","O08","O09","O12"
180,9,10,"O09","O06","O01","O07"
180,10,2,"O04","O07","O02","O11"
180,11,5,"O03","O01","O08","O11"
180,12,11,"O12","O06","O10","O11"
181,1,8,"O12","O09","O08","O04"
181,2,9,"O06","O03","O04","O02"
181,3,5,"O01","O11","O08","O03"
181,4,2,"O07","O11","O02","O04"
181,5,4,"O01","O05","O10","O04"
181,6,3,"O09","O02","O08","O10"
181,7,1,"O01","O05","O12","O02"
181,8,11,"O11","O10","O12","O06"
181,9,6,"O10","O07","O12","O03"
181,10,12,"O11","O05","O09","O03"
181,11,7,"O05","O06","O07","O08"
181,12,10,"O01","O09","O07","O06"
182,1,10,"O07","O09","O06","O01"
182,2,7,"O07","O08","O05","O06"
182,3,6,"O07","O12","O10","O03"
182,4,8,"O09","O04","O12","O08"
182,5,2,"O11","O02","O04","O07"
182,6,12,"O03","O11","O05","O09"
182,7,3,"O10","O02","O09","O08"
182,8,11,"O12","O06","O11","O10"
182,9,1,"O01","O05","O12","O02"
182,10,5,"O11","O01","O08","O03"
182,11,4,"O05","O10","O04","O01"
182,12,9,"O02","O03","O06","O04"
183,1,8,"O08","O12","O09","O04"
183,2,5,"O01","O11","O08","O03"
183,3,10,"O09","O07","O01","O06"
183,4,1,"O05","O02","O01","O12"
183,5,6,"O07","O10","O12","O03"
183,6,4,"O05","O01","O10","O04"
183,7,9,"O02","O06","O03","O04"
183,8,3,"O09","O08","O10","O02"
183,9,7,"O06","O08","O05","O07"
183,10,12,"O11","O09","O03","O05"
183,11,11,"O06","O10","O11","O12"
183,12,2,"O02","O04","O07","O11"
184,1,12,"O03","O09","O05","O11"
184,2,7,"O08","O05","O07","O06"
184,3,4,"O10","O01","O04","O05"
184,4,1,"O12","O05","O02","O01"
184,5,8,"O09","O08","O12","O04"
184,6,9,"O02","O04","O06","O03"
184,7,11,"O12","O10","O11","O06"
184,8,10,"O01","O06","O09","O07"
184,9,2,"O02","O11","O07","O04"
184,10,5,"O08","O03","O11","O01"
184,11,3,"O08","O02","O09","O10"
184,12,6,"O07","O03","O10","O12"
185,1,3,"O09","O08","O02","O10"
185,2,8,"O08","O12","O04","O09"
185,3,4,"O10","O01","O05","O04"
185,4,6,"O07","O03","O12","O10"
185,5,9,"O02","O03","O06","O04"
185,6,11,"O06","O10","O11","O12"
185,7,7,"O05","O06","O08","O07"
185,8,12,"O03","O05","O09","O11"
185,9,1,"O12","O05","O02","O01"
185,10,10,"O07","O01","O06","O09"
185,11,2,"O11","O04","O07","O02"
185,12,5,"O08","O03","O11","O01"
186,1,6,"O03","O10","O12","O07"
186,2,4,"O05","O10","O01","O04"
186,3,7,"O07","O06","O05","O08"
186,4,8,"O09","O08","O04","O12"
186,5,9,"O03","O04","O06","O02"
186,6,3,"O09","O08","O10","O02"
186,7,10,"O07","O01","O06","O09"
186,8,11,"O06","O12","O10","O11"
186,9,5,"O11","O01","O08","O03"
186,10,12,"O03","O05","O09","O11"
186,11,1,"O02","O01","O12","O05"
186,12,2,"O11","O02","O04","O07"
187,1,10,"O06","O09","O07","O01"
187,2,4,"O10","O04","O01","O05"
187,3,12,"O03","O09","O11","O05"
187,4,1,"O01","O12","O02","O05"
187,5,9,"O06","O04","O03","O02"
187,6,7,"O06","O08","O05","O07"
187,7,3,"O10","O02","O09","O08"
187,8,8,"O09","O04","O08","O12"
187,9,2,"O11","O07","O04","O02"
187,10,5,"O08","O03","O01","O11"
187,11,6,"O10","O07","O12","O03"
187,12,11,"O10","O11","O12","O06"
188,1,1,"O12","O01","O02","O05"
188,2,2,"O04","O07","O11","O02"
188,3,5,"O03","O08","O11","O01"
188,4,11,"O11","O06","O12","O10"
188,5,12,"O09","O05","O11","O03"
188,6,8,"O09","O08","O04","O12"
188,7,6,"O07","O12","O03","O10"
188,8,9,"O06","O04","O03","O02"
188,9,10,"O09","O06","O07","O01"
188,10,3,"O10","O02","O09","O08"
188,11,4,"O01","O05","O04","O10"
188,12,7,"O06","O07","O05","O08"
189,1,5,"O11","O01","O08","O03"
189,2,11,"O12","O11","O10","O06"
189,3,3,"O08","O09","O02","O10"
189,4,9,"O06","O04","O02","O03"
189,5,7,"O07","O08","O05","O06"
189,6,4,"O10","O05","O04","O01"
189,7,6,"O12","O10","O03","O07"
189,8,8,"O08","O04","O12","O09"
189,9,12,"O11","O09","O05","O03"
189,10,2,"O02","O07","O11","O04"
189,11,10,"O01","O07","O06","O09"
189,12,1,"O12","O02","O05","O01"
190,1,7,"O05","O08","O07","O06"
190,2,8,"O04","O12","O08","O09"
190,3,10,"O09","O01","O06","O07"
190,4,12,"O11","O03","O09","O05"
190,5,2,"O07","O02","O04","O11"
190,6,5,"O11","O08","O03","O01"
190,7,6,"O10","O07","O12","O03"
190,8,11,"O06","O12","O10","O11"
190,9,1,"O02","O01","O12","O05"
190,10,4,"O01","O10","O04","O05"
190,11,9,"O02","O04","O03","O06"
190,12,3,"O10","O09","O08","O02"
191,1,4,"O04","O01","O10","O05"
191,2,7,"O06","O05","O08","O07"
191,3,9,"O02","O06","O03","O04"
191,4,1,"O05","O12","O01","O02"
191,5,5,"O08","O01","O11","O03"
191,6,8,"O09","O12","O08","O04"
191,7,12,"O09","O11","O03","O05"
191,8,2,"O11","O02","O07","O04"
191,9,6,"O03","O07","O12","O10"
191,10,11,"O12","O10","O06","O11"
191,11,3,"O02","O09","O10","O08"
191,12,10,"O01","O06","O09","O07"
192,1,4,"O01","O05","O04","O10"
192,2,12,"O11","O09","O05","O03"
192,3,6,"O07","O10","O03","O12"
192,4,11,"O10","O12","O11","O06"
192,5,7,"O05","O06","O07","O08"
192,6,1,"O05","O02","O01","O12"
192,7,5,"O11","O01","O03","O08"
192,8,8,"O12","O04","O08","O09"
192,9,2,"O02","O07","O11","O04"
192,10,9,"O06","O04","O02","O03"
192,11,3,"O10","O09","O08","O02"
192,12,10,"O01","O07","O09","O06"
193,1,5,"O08","O01","O03","O11"
193,2,2,"O04","O07","O11","O02"
193,3,9,"O03","O04","O02","O06"
193,4,6,"O10","O07","O03","O12"
193,5,8,"O12","O09","O08","O04"
193,6,4,"O04","O05","O01","O10"
193,7,11,"O11","O12","O06","O10"
193,8,3,"O08","O09","O10","O02"
193,9,1,"O12","O05","O02","O01"
193,10,7,"O07","O05","O08","O06"
193,11,12,"O03","O11","O05","O09"
193,12,10,"O01","O09","O07","O06"
194,1,8,"O08","O12","O09","O04"
194,2,7,"O05","O08","O07","O06"
194,3,5,"O08","O11","O03","O01"
194,4,10,"O01","O06","O07","O09"
194,5,3,"O09","O02","O10","O08"
194,6,2,"O11","O07","O04","O02"
194,7,6,"O10","O12","O07","O03"
194,8,9,"O04","O02","O06","O03"
194,9,1,"O01","O05","O02","O12"
194,10,11,"O12","O10","O11","O06"
194,11,12,"O03","O11","O09","O05"
194,12,4,"O10","O04","O05","O01"
195,1,8,"O04","O09","O12","O08"
195,2,10,"O07","O09","O06","O01"
195,3,4,"O05","O04","O01","O10"
195,4,7,"O08","O06","O07","O05"
195,5,6,"O03","O10","O07","O12"
195,6,11,"O06","O10","O11","O12"
195,7,2,"O07","O11","O04","O02"
195,8,9,"O06","O03","O04","O02"
195,9,5,"O08","O11","O03","O01"
195,10,1,"O12","O05","O02","O01"
195,11,3,"O09","O08","O02","O10"
195,12,12,"O11","O05","O09","O03"
196,1,1,"O12","O01","O05","O02"
196,2,6,"O10","O12","O07","O03"
196,3,7,"O05","O07","O08","O06"
196,4,2,"O07","O02","O11","O04"
196,5,9,"O06","O04","O03","O02"
196,6,8,"O08","O09","O12","O04"
196,7,4,"O04","O05","O10","O01"
196,8,12,"O03","O09","O11","O05"
196,9,11,"O12","O10","O11","O06"
196,10,3,"O09","O10","O02","O08"
196,11,10,"O06","O09","O01","O07"
196,12,5,"O08","O11","O03","O01"
197,1,4,"O04","O01","O10","O05"
197,2,3,"O08","O02","O10","O09"
197,3,8,"O08","O12","O04","O09"
197,4,1,"O05","O12","O01","O02"
197,5,12,"O05","O11","O03","O09"
197,6,5,"O01","O08","O11","O03"
197,7,9,"O02","O06","O03","O04"
197,8,10,"O07","O01","O09","O06"
197,9,11,"O12","O11","O06","O10"
197,10,7,"O08","O06","O05","O07"
197,11,6,"O12","O03","O07","O10"
197,12,2,"O11","O02","O07","O04"
198,1,7,"O05","O07","O06","O08"
198,2,8,"O12","O09","O08","O04"
198,3,10,"O07","O06","O01","O09"
198,4,12,"O03","O11","O05","O09"
198,5,3,"O10","O08","O02","O09"
198,6,6,"O12","O03","O07","O10"
198,7,5,"O08","O01","O11","O03"
198,8,1,"O12","O02","O05","O01"
198,9,11,"O12","O10","O06","O11"
198,10,4,"O01","O04","O05","O10"
198,11,9,"O02","O04","O03","O06"
198,12,2,"O11","O07","O04","O02"
199,1,9,"O06","O03","O04","O02"
199,2,3,"O08","O02","O09","O10"
199,3,6,"O03","O10","O12","O07"
199,4,2,"O02","O04","O07","O11"
199,5,10,"O09","O06","O07","O01"
199,6,5,"O11","O01","O03","O08"
199,7,11,"O12","O10","O11","O06"
199,8,1,"O12","O01","O05","O02"
199,9,12,"O03","O11","O05","O09"
199,10,8,"O12","O09","O04","O08"
199,11,7,"O05","O07","O06","O08"
199,12,4,"O10","O01","O05","O04"
200,1,7,"O07","O05","O06","O08"
200,2,1,"O12","O01","O05","O02"
200,3,8,"O12","O08","O04","O09"
200,4,6,"O03","O12","O07","O10"
200,5,12,"O11","O09","O05","O03"
200,6,10,"O06","O09","O07","O01"
200,7,2,"O04","O07","O02","O11"
200,8,11,"O10","O06","O12","O11"
200,9,3,"O09","O10","O08","O02"
200,10,9,"O04","O02","O03","O06"
200,11,5,"O01","O03","O08","O11"
200,12,4,"O04","O01","O10","O05"
201,1,6,"O12","O03","O10","O07"
201,2,11,"O11","O10","O06","O12"
201,3,1,"O05","O01","O02","O12"
201,4,7,"O07","O08","O06","O05"
201,5,9,"O04","O02","O06","O03"
201,6,2,"O04","O02","O07","O11"
201,7,10,"O09","O06","O01","O07"
201,8,12,"O11","O09","O03","O05"
201,9,4,"O04","O10","O01","O05"
201,10,3,"O09","O02","O10","O08"
201,11,5,"O01","O08","O11","O03"
201,12,8,"O08","O09","O04","O12"
202,1,5,"O03","O08","O01","O11"
202,2,1,"O01","O02","O05","O12"
202,3,4,"O10","O05","O01","O04"
202,4,9,"O04","O06","O02","O03"
202,5,7,"O06","O07","O05","O08"
202,6,8,"O08","O12","O04","O09"
202,7,12,"O05","O09","O11","O03"
202,8,3,"O09","O08","O10","O02"
202,9,2,"O04","O02","O11","O07"
202,10,11,"O10","O12","O06","O11"
202,11,10,"O01","O09","O06","O07"
202,12,6,"O03","O10","O07","O12"
203,1,3,"O09","O02","O08","O10"
203,2,4,"O10","O01","O05","O04"
203,3,2,"O07","O04","O02","O11"
203,4,11,"O12","O06","O11","O10"
203,5,9,"O06","O03","O02","O04"
203,6,7,"O06","O05","O08","O07"
203,7,5,"O11","O08","O03","O01"
203,8,6,"O03","O12","O10","O07"
203,9,10,"O06","O07","O01","O09"
203,10,8,"O08","O04","O12","O09"
203,11,12,"O11","O05","O03","O09"
203,12,1,"O02","O01","O05","O12"
204,1,11,"O12","O10","O06","O11"
204,2,10,"O09","O07","O01","O06"
204,3,3,"O10","O08","O09","O02"
204,4,7,"O05","O07","O06","O08"
204,5,12,"O09","O03","O05","O11"
204,6,9,"O02","O04","O06","O03"
204,7,4,"O10","O01","O05","O04"
204,8,6,"O03","O07","O10","O12"
204,9,5,"O03","O01","O11","O08"
204,10,1,"O02","O05","O01","O12"
204,11,2,"O04","O11","O07","O02"
204,12,8,"O09","O12","O08","O04"
205,1,5,"O01","O08","O11","O03"
205,2,1,"O05","O02","O01","O12"
205,3,3,"O10","O08","O09","O02"
205,4,6,"O03","O07","O12","O10"
205,5,9,"O06","O04","O02","O03"
205,6,4,"O01","O04","O10","O05"
205,7,12,"O11","O03","O09","O05"
205,8,8,"O08","O12","O09","O04"
205,9,2,"O07","O02","O11","O04"
205,10,10,"O09","O06","O01","O07"
205,11,7,"O07","O05","O08","O06"
205,12,11,"O11","O12","O10","O06"
206,1,7,"O07","O06","O08","O05"
206,2,4,"O04","O05","O01","O10"
206,3,9,"O04","O02","O06","O03"
206,4,5,"O08","O01","O11","O03"
206,5,2,"O02","O07","O11","O04"
206,6,3,"O08","O10","O09","O02"
206,7,11,"O11","O06","O12","O10"
206,8,10,"O07","O06","O01","O09"
206,9,6,"O12","O07","O03","O10"
206,10,12,"O11","O05","O03","O09"
206,11,8,"O09","O08","O04","O12"
206,12,1,"O12","O05","O01","O02"
207,1,7,"O07","O05","O08","O06"
207,2,8,"O04","O09","O12","O08"
207,3,5,"O01","O08","O03","O11"
207,4,3,"O10","O02","O08","O09"
207,5,4,"O01","O05","O04","O10"
207,6,12,"O11","O09","O03","O05"
207,7,6,"O07","O12","O10","O03"
207,8,1,"O12","O01","O05","O02"
207,9,9,"O02","O03","O04","O06"
207,10,10,"O09","O06","O01","O07"
207,11,2,"O11","O04","O07","O02"
207,12,11,"O11","O12","O06","O10"
208,1,7,"O08","O05","O06","O07"
208,2,8,"O08","O09","O04","O12"
208,3,3,"O02","O10","O08","O09"
208,4,12,"O03","O09","O11","O05"
208,5,10,"O07","O06","O09","O01"
208,6,5,"O03","O08","O11","O01"
208,7,1,"O01","O12","O05","O02"
208,8,4,"O10","O05","O01","O04"
208,9,9,"O06","O02","O03","O04"
208,10,2,"O11","O04","O07","O02"
208,11,11,"O12","O10","O11","O06"
208,12,6,"O10","O07","O03","O12"
209,1,2,"O02","O07","O11","O04"
209,2,1,"O01","O05","O02","O12"
209,3,11,"O06","O11","O10","O12"
209,4,6,"O10","O03","O12","O07"
209,5,5,"O01","O11","O08","O03"
209,6,3,"O10","O08","O09","O02"
209,7,8,"O08","O04","O12","O09"
209,8,4,"O05","O04","O01","O10"
209,9,7,"O08","O06","O05","O07"
209,10,12,"O03","O09","O05","O11"
209,11,9,"O03","O04","O02","O06"
209,12,10,"O06","O01","O07","O09"
210,1,12,"O03","O05","O11","O09"
210,2,5,"O11","O01","O08","O03"
210,3,11,"O12","O11","O06","O10"
210,4,7,"O08","O06","O05","O07"
210,5,6,"O07","O03","O12","O10"
210,6,10,"O06","O07","O01","O09"
210,7,3,"O08","O09","O10","O02"
210,8,9,"O04","O02","O03","O06"
210,9,8,"O09","O08","O12","O04"
210,10,2,"O07","O02","O11","O04"
210,11,4,"O10","O04","O05","O01"
210,12,1,"O12","O01","O05","O02"
211,1,11,"O11","O12","O06","O10"
211,2,1,"O02","O01","O05","O12"
211,3,9,"O03","O02","O04","O06"
211,4,12,"O09","O11","O03","O05"
211,5,4,"O10","O04","O05","O01"
211,6,7,"O07","O08","O05","O06"
211,7,3,"O09","O08","O02","O10"
211,8,10,"O07","O06","O09","O01"
211,9,2,"O11","O02","O04","O07"
211,10,5,"O08","O11","O03","O01"
211,11,6,"O12","O07","O10","O03"
211,12,8,"O09","O12","O08","O04"
212,1,6,"O12","O07","O03","O10"
212,2,8,"O08","O12","O04","O09"
212,3,9,"O04","O03","O06","O02"
212,4,5,"O11","O01","O03","O08"
212,5,10,"O06","O09","O01","O07"
212,6,2,"O04","O02","O11","O07"
212,7,1,"O02","O01","O05","O12"
212,8,12,"O05","O11","O03","O09"
212,9,7,"O05","O07","O08","O06"
212,10,4,"O05","O04","O10","O01"
212,11,11,"O11","O12","O10","O06"
212,12,3,"O08","O09","O10","O02"
213,1,12,"O05","O11","O03","O09"
213,2,8,"O12","O08","O04","O09"
213,3,2,"O04","O11","O07","O02"
213,4,4,"O04","O10","O05","O01"
213,5,7,"O06","O07","O05","O08"
213,6,6,"O07","O03","O10","O12"
213,7,9,"O06","O04","O03","O02"
213,8,1,"O02","O12","O05","O01"
213,9,11,"O11","O10","O06","O12"
213,10,10,"O06","O09","O01","O07"
213,11,5,"O11","O03","O01","O08"
213,12,3,"O09","O08","O10","O02"
214,1,9,"O06","O02","O03","O04"
214,2,7,"O06","O08","O05","O07"
214,3,10,"O06","O09","O01","O07"
214,4,5,"O03","O08","O11","O01"
214,5,11,"O10","O11","O06","O12"
214,6,6,"O10","O12","O07","O03"
214,7,8,"O09","O12","O04","O08"
214,8,12,"O03","O09","O11","O05"
214,9,2,"O02","O04","O11","O07"
214,10,3,"O02","O09","O10","O08"
214,11,1,"O12","O05","O01","O02"
214,12,4,"O01","O05","O10","O04"
215,1,2,"O04","O07","O11","O02"
215,2,11,"O06","O11","O10","O12"
215,3,9,"O04","O03","O06","O02"
215,4,3,"O08","O09","O10","O02"
215,5,7,"O07","O05","O06","O08"
215,6,8,"O09","O08","O12","O04"
215,7,12,"O05","O11","O09","O03"
215,8,10,"O06","O01","O09","O07"
215,9,5,"O01","O08","O11","O03"
215,10,4,"O01","O04","O10","O05"
215,11,6,"O10","O07","O12","O03"
215,12,1,"O05","O02","O12","O01"
216,1,7,"O05","O08","O07","O06"
216,2,10,"O09","O06","O07","O01"
216,3,3,"O02","O08","O10","O09"
216,4,6,"O03","O07","O10","O12"
216,5,9,"O02","O04","O06","O03"
216,6,8,"O08","O04","O09","O12"
216,7,1,"O12","O05","O01","O02"
216,8,5,"O01","O08","O11","O03"
216,9,12,"O09","O05","O03","O11"
216,10,2,"O11","O02","O04","O07"
216,11,4,"O05","O01","O04","O10"
216,12,11,"O11","O10","O06","O12"
217,1,11,"O12","O10","O11","O06"
217,2,3,"O09","O08","O10","O02"
217,3,8,"O12","O04","O08","O09"
217,4,10,"O09","O01","O06","O07"
217,5,2,"O11","O07","O02","O04"
217,6,7,"O07","O06","O05","O08"
217,7,1,"O12","O02","O01","O05"
217,8,6,"O03","O12","O07","O10"
217,9,4,"O10","O01","O04","O05"
217,10,12,"O11","O09","O05","O03"
217,11,9,"O04","O06","O03","O02"
217,12,5,"O11","O03","O08","O01"
218,1,11,"O10","O12","O06","O11"
218,2,7,"O06","O05","O08","O07"
218,3,1,"O12","O02","O01","O05"
218,4,9,"O03","O04","O06","O02"
218,5,6,"O10","O03","O12","O07"
218,6,12,"O05","O09","O11","O03"
218,7,5,"O08","O11","O03","O01"
218,8,2,"O11","O04","O02","O07"
218,9,4,"O04","O01","O10","O05"
218,10,10,"O09","O07","O01","O06"
218,11,3,"O09","O10","O08","O02"
218,12,8,"O12","O04","O09","O08"
219,1,2,"O04","O02","O07","O11"
219,2,11,"O11","O10","O12","O06"
219,3,1,"O02","O12","O01","O05"
219,4,3,"O02","O10","O09","O08"
219,5,6,"O10","O03","O07","O12"
219,6,10,"O06","O09","O07","O01"
219,7,4,"O04","O01","O05","O10"
219,8,8,"O09","O08","O12","O04"
219,9,12,"O05","O03","O11","O09"
219,10,5,"O11","O01","O03","O08"
219,11,7,"O07","O06","O08","O05"
219,12,9,"O06","O02","O03","O04"
220,1,8,"O09","O12","O08","O04"
220,2,12,"O03","O09","O05","O11"
220,3,3,"O02","O08","O09","O10"
220,4,6,"O12","O03","O10","O07"
220,5,9,"O02","O03","O04","O06"
220,6,1,"O05","O02","O01","O12"
220,7,5,"O08","O11","O01","O03"
220,8,7,"O05","O08","O06","O07"
220,9,4,"O05","O04","O10","O01"
220,10,2,"O11","O04","O07","O02"
220,11,11,"O12","O11","O10","O06"
220,12,10,"O06","O09","O07","O01"
221,1,1,"O12","O05","O02","O01"
221,2,9,"O02","O04","O03","O06"
221,3,6,"O10","O03","O12","O07"
221,4,2,"O07","O04","O11","O02"
221,5,10,"O01","O07","O09","O06"
221,6,8,"O08","O04","O12","O09"
221,7,4,"O01","O10","O04","O05"
221,8,11,"O06","O12","O11","O10"
221,9,3,"O02","O09","O10","O08"
221,10,5,"O08","O01","O03","O11"
221,11,7,"O05","O07","O08","O06"
221,12,12,"O03","O11","O09","O05"
222,1,9,"O03","O04","O06","O02"
222,2,12,"O03","O11","O09","O05"
222,3,6,"O07","O12","O10","O03"
222,4,4,"O01","O05","O04","O10"
222,5,3,"O09","O02","O10","O08"
222,6,5,"O03","O01","O08","O11"
222,7,7,"O07","O05","O06","O08"
222,8,10,"O06","O07","O09","O01"
222,9,2,"O07","O02","O11","O04"
222,10,11,"O10","O06","O11","O12"
222,11,1,"O12","O01","O05","O02"
222,12,8,"O12","O09","O08","O04"
223,1,3,"O02","O08","O10","O09"
223,2,8,"O08","O09","O12","O04"
223,3,4,"O10","O05","O01","O04"
223,4,6,"O03","O10","O07","O12"
223,5,5,"O01","O08","O03","O11"
223,6,12,"O11","O05","O09","O03"
223,7,1,"O12","O05","O01","O02"
223,8,2,"O02","O04","O11","O07"
223,9,10,"O07","O01","O09","O06"
223,10,11,"O12","O10","O11","O06"
223,11,7,"O05","O08","O06","O07"
223,12,9,"O03","O06","O02","O04"
224,1,3,"O08","O10","O09","O02"
224,2,1,"O12","O05","O01","O02"
224,3,12,"O03","O09","O05","O11"
224,4,4,"O10","O04","O01","O05"
224,5,6,"O12","O07","O03","O10"
224,6,5,"O01","O08","O03","O11"
224,7,10,"O07","O01","O06","O09"
224,8,7,"O06","O08","O07","O05"
224,9,9,"O02","O04","O06","O03"
224,10,11,"O10","O12","O11","O06"
224,11,8,"O09","O04","O08","O12"
224,12,2,"O02","O07","O11","O04"
